"Lon","site","Depth","tempdiff","saldiff","distance","site2"
152.901498808625,"DiamondHead",14.5751822213656,-0.00472366896140031,0.015246789240102,277.893473273368,"DH"
152.904981129101,"DiamondHead",11.3984160372103,-0.0724983490951985,0.00784414653359988,276.095411163154,"DH"
152.906536297976,"DiamondHead",12.7192370961518,-0.102806053845402,-0.00114142598859956,275.227624030784,"DH"
152.909800720152,"DiamondHead",12.0856004913655,-0.116608601797399,-0.000805952662702225,260.808410290765,"DH"
152.911409431756,"DiamondHead",12.0281280952835,-0.0873000421564001,0.00905984539689797,253.941537534401,"DH"
152.913020268657,"DiamondHead",43.524035496457,0.433778520070401,0.0399282330158997,246.838923940207,"DH"
152.914376894704,"DiamondHead",43.6270155271682,0.490554926367601,0.0484299496015979,246.897159593328,"DH"
152.915890057809,"DiamondHead",12.8518805308153,-0.131844136535602,0.0067513270311963,250.402618266944,"DH"
152.917625745104,"DiamondHead",12.2863178367736,-0.0151246345571003,0.0114212065279062,244.535111763167,"DH"
152.919681609557,"DiamondHead",48.8502714572386,0.737096143107799,0.0784673918809986,239.630813531651,"DH"
152.921526892415,"DiamondHead",49.2954686966806,0.677347890732801,0.0711596988534993,242.538001380938,"DH"
152.922885068276,"DiamondHead",12.5852735500901,0.314786486486501,-0.00781981940370002,244.799714227446,"DH"
152.924589289299,"DiamondHead",14.0339408291779,0.212144722125998,-0.00450205473649845,247.639949951605,"DH"
152.926393127458,"DiamondHead",48.8105075261077,0.6207312041712,0.0726634253517986,250.648958362018,"DH"
152.928218192352,"DiamondHead",49.6786113634691,0.731570043849299,0.0791393851484017,253.696253402554,"DH"
152.929645223648,"DiamondHead",12.8449558756549,0.264942197257199,-0.00860487885889683,256.080971819393,"DH"
152.931427000425,"DiamondHead",13.6211527895916,0.287804477344,-0.00316310944379694,258.011432744269,"DH"
152.933275627331,"DiamondHead",48.6506083513233,0.880585903409401,0.103307909303901,249.070033712572,"DH"
152.935114606192,"DiamondHead",49.4736656100788,0.906421397398599,0.0968056910990001,238.438977573755,"DH"
152.936504348465,"DiamondHead",13.6695217229693,0.190275835896703,-0.00427634686040079,231.643529504824,"DH"
152.938056945711,"DiamondHead",12.1749967735188,0.2330463827412,0.0017648269469035,233.022765392389,"DH"
152.938661817264,"DiamondHead",43.414200722821,0.4596624209128,0.0617559288616008,234.025893778023,"DH"
152.939274123992,"DiamondHead",42.9074269482969,0.3832742830865,0.050169075873697,233.076345086833,"DH"
152.940241495813,"DiamondHead",11.9700915962424,0.1727004402217,-0.00208544972029756,228.073753279602,"DH"
152.941652692163,"DiamondHead",12.1811986753608,0.187285504800599,0.00289709162289853,222.022219676351,"DH"
152.943625895102,"DiamondHead",49.0513880268151,0.727937926489901,0.087978849264303,223.291690772329,"DH"
152.945878092402,"DiamondHead",52.9891608594583,0.691702213750197,0.0773675776782028,215.257317831613,"DH"
152.947702789367,"DiamondHead",12.0690853724308,0.181388499094101,0.000634917453496087,212.32029178198,"DH"
152.949119896632,"DiamondHead",13.9791053670572,0.0228834177456996,-0.00123402288839713,213.557999753133,"DH"
152.950613466889,"DiamondHead",46.4521267825743,0.373540190424599,0.0682930337700043,199.626099127267,"DH"
152.953740755713,"DiamondHead",46.025579695664,0.2849523384055,0.0436311608201976,175.681779321944,"DH"
152.954260996137,"DiamondHead",18.8439721680672,0.116296589513997,-0.0125802147884997,173.005477100563,"DH"
152.954684956912,"DiamondHead",18.8138714703154,0.1036123786917,-0.00614970764059564,170.824640993199,"DH"
152.955133311036,"DiamondHead",47.7312794331014,0.495305723641398,0.0920169422113943,168.518496323853,"DH"
152.955936177695,"DiamondHead",70.3549191092127,0.426872676274401,0.0509638452055015,164.389326693913,"DH"
152.956739044347,"DiamondHead",70.7950802145984,0.314517631157399,0.0346422147774987,160.260717268779,"DH"
152.95733337415,"DiamondHead",47.5452798818842,0.2948246359827,0.0608924983738959,157.204833005981,"DH"
152.957875569726,"DiamondHead",47.826600472367,0.331818912594798,0.070195965778602,154.417278345376,"DH"
152.962492317285,"DiamondHead",45.090603846848,0.0308769153458002,0.0175656527377015,112.311321643389,"DH"
152.963919462011,"DiamondHead",14.8210438546056,0.167958128574501,-0.000118676033800114,104.916401673474,"DH"
152.96557299646,"DiamondHead",13.4397235958676,0.2604603405576,0.00434461907420314,96.4254260927842,"DH"
152.96719001938,"DiamondHead",46.8009935720098,0.123874203335102,0.0411576503852942,88.1242344645523,"DH"
152.970084301904,"DiamondHead",48.4517644252161,0.136955509100602,0.0412477457848013,73.2717363582244,"DH"
152.971769332764,"DiamondHead",14.1525771833614,0.376459336719503,0.00903563774300409,64.628065978972,"DH"
152.973460515197,"DiamondHead",13.8730667187836,0.458119056173299,0.013975823940001,55.955318410703,"DH"
152.975021723214,"DiamondHead",47.1444427670265,-0.046713636506599,0.0273540802335006,47.1871012197893,"DH"
152.976668380839,"DiamondHead",75.0693917234144,-0.0317175680463997,0.024151999241198,28.4363633790092,"DH"
152.978117896883,"DiamondHead",75.1099332591098,-0.2800992993267,-0.00340756134540499,13.6983042162401,"DH"
152.979807109711,"DiamondHead",69.9463253403942,-0.722843203847299,-0.0500207347035015,4.98553710087539,"DH"
152.980799924349,"DiamondHead",43.686890082587,0.0663592512633002,0.0105766121955,0.0992126440829629,"DH"
152.982167150407,"DiamondHead",13.1495539808208,0.567739800075799,0.00865043401299914,7.10012859614293,"DH"
152.983701808723,"DiamondHead",13.580094709181,0.587976805945601,0.0119771238937005,14.9564526658619,"DH"
152.985258933596,"DiamondHead",46.3129334741642,0.117081912644398,0.0341725656409935,12.0266479271982,"DH"
152.986998466946,"DiamondHead",75.0194669075183,-0.317024256017099,-0.000502596635797659,13.8634787196531,"DH"
152.988387136086,"DiamondHead",74.4460900375238,-0.274056903903499,-0.00261508360590312,15.3578574503448,"DH"
152.989441680854,"DiamondHead",69.3639134013817,-0.416673747494601,-0.0128227336978028,10.6039625586382,"DH"
152.990088144918,"DiamondHead",69.6180183407315,-0.328381674014201,-0.00959629970019904,7.58171139190905,"DH"
152.991019547824,"DiamondHead",43.490560862387,0.500335443312501,0.0390345828306025,3.22671907853582,"DH"
152.99250841432,"DiamondHead",12.7662357033245,0.683534996972401,0.0105442288482038,3.71922417599772,"DH"
152.99405111939,"DiamondHead",14.3644483458465,0.743382073078703,0.0174397745957009,5.62245256889537,"DH"
152.995479837997,"DiamondHead",46.9794773156515,1.0526711228718,0.102077218884901,2.0792465499074,"DH"
152.996723078162,"DiamondHead",70.8112864762194,0.696825678146698,0.100098760434001,5.0082202465566,"DH"
152.997773698318,"DiamondHead",71.1235444423399,0.679685257229803,0.0929340633290963,9.92675676856167,"DH"
152.998899841393,"DiamondHead",45.7147874230048,1.1450323010252,0.0862170763003007,15.1999223515412,"DH"
153.000317738583,"DiamondHead",13.7714527885998,0.791843424752198,0.0147033110773975,21.840792762817,"DH"
153.001865196309,"DiamondHead",13.4595115428657,0.789724573034,0.0166332946026984,29.0904658464061,"DH"
153.003337881222,"DiamondHead",46.5586479697438,1.0862247995565,0.0982183773401033,35.9917672388976,"DH"
153.004863114911,"DiamondHead",74.1027629212335,0.103478719712498,0.0450163309053053,43.1413082463302,"DH"
153.006211498193,"DiamondHead",73.6864043697688,0.2150335190866,0.049179966317098,49.4635442237696,"DH"
153.007267761149,"DiamondHead",43.245644484348,1.2345445728706,0.0703605433942016,54.4172028529216,"DH"
153.008560061657,"DiamondHead",13.8620185981466,0.838525308866998,0.0161320892434986,60.479147329693,"DH"
153.009965515049,"DiamondHead",13.5441478157164,0.855613449688597,0.0184611505080028,67.0735173921707,"DH"
153.011395454407,"DiamondHead",47.1292883195076,1.5456012991302,0.125758237698903,73.7845354979938,"DH"
153.012818717618,"DiamondHead",74.5071451146716,0.664253522653901,0.100553269115004,79.5443674805073,"DH"
153.014105733211,"DiamondHead",74.255077378448,0.595582633587998,0.0902868098975986,78.2671322694123,"DH"
153.015137990192,"DiamondHead",43.9642313781231,1.4467885160874,0.0832863668904054,75.5497068366934,"DH"
153.016441345102,"DiamondHead",14.7580422534832,0.8814729412709,0.0180714463532965,78.818611225782,"DH"
153.017993659876,"DiamondHead",13.0673734737242,0.8745061545259,0.0188886327153028,86.1127881848428,"DH"
153.019508043995,"DiamondHead",46.7230209824123,1.5254113426588,0.122850811280799,91.1469599689564,"DH"
153.021003520505,"DiamondHead",75.6857326864946,0.7307519630046,0.105007335413099,87.3217275867843,"DH"
153.02240220993,"DiamondHead",76.0201634230984,0.719600664009398,0.100584339747797,83.7458178016617,"DH"
153.023662312722,"DiamondHead",44.5071227954774,1.5703628121188,0.1018757371167,80.5256860081588,"DH"
153.025049082423,"DiamondHead",13.2642168875695,0.898431042999899,0.0153205544090014,76.9834504770944,"DH"
153.026550547355,"DiamondHead",13.947890024357,0.851273963498599,0.014174474050904,73.1501341238073,"DH"
153.028010304895,"DiamondHead",46.916244283578,1.9002422310943,0.143051746232601,69.4251769637511,"DH"
153.02946571774,"DiamondHead",76.0120887770561,0.434500066757398,0.0757347793589034,65.7131507195534,"DH"
153.030802290016,"DiamondHead",76.3754279457814,0.335883321592501,0.0613958238421048,62.3058482975125,"DH"
153.031990351087,"DiamondHead",44.0064604121625,1.6355281815361,0.0844034571829937,59.2784460349761,"DH"
153.033264923154,"DiamondHead",13.4152665915381,0.860898953265298,0.0115027915896988,56.0319620573875,"DH"
153.03423767101,"DiamondHead",10.4296561930556,0.8456175662375,0.0110672614058984,53.555209127693,"DH"
153.034762954865,"DiamondHead",47.542525195549,1.682643450107,0.124160230013004,52.2181045567058,"DH"
153.03573173802,"DiamondHead",69.0788000716869,0.5131707575928,0.0829807601101962,49.7527061105652,"DH"
153.036308034323,"DiamondHead",43.8865324608428,1.4573459775337,0.065219945117903,48.2865108224568,"DH"
153.037447924039,"DiamondHead",15.8001635006273,0.831303697928899,0.0078894327431982,45.3872888308743,"DH"
153.03896891276,"DiamondHead",13.089359478034,0.843256840298203,0.010482365854493,41.5205293422602,"DH"
153.040364385282,"DiamondHead",46.3951084362874,1.6135950973855,0.1076771832495,37.9746339666989,"DH"
153.041998693457,"DiamondHead",78.7999245944123,0.0741122687716995,0.0332976824930995,32.9892562371238,"DH"
153.043897476082,"DiamondHead",77.7541871711962,0.0927548201997972,0.0253469156294983,17.4224932066103,"DH"
153.045039455155,"DiamondHead",44.3912286611658,1.3386680215888,0.0595627066394968,8.11406478549365,"DH"
153.046377085728,"DiamondHead",13.1284347283095,0.807460274561901,0.00534999907930001,4.25006300026779,"DH"
153.047843191028,"DiamondHead",13.9788768800479,0.792545479920502,0.00385355121100162,0.53416716325306,"DH"
153.049281955379,"DiamondHead",46.5083999807609,1.357806229802,0.0891205804557984,3.33252638854494,"DH"
153.050732507287,"DiamondHead",77.0041411319342,0.315805640921898,0.037885328739101,14.6432410382395,"DH"
153.052792232473,"DiamondHead",76.3503793173939,0.450913602921503,0.0400993972325026,33.6778689450396,"DH"
153.053962229285,"DiamondHead",44.8836806764408,1.6108251301841,0.0777929668563999,38.9195087847234,"DH"
153.055343248404,"DiamondHead",13.4825828341946,0.7573996660755,0.00179287171999931,45.1019489833617,"DH"
153.056798922115,"DiamondHead",14.2067055333451,0.7492262632042,0.00282169967880463,52.3617976716679,"DH"
153.058188247605,"DiamondHead",46.2907319119312,1.5286354812362,0.0959284811677037,66.6982742471181,"DH"
153.059557591699,"DiamondHead",75.927530836865,0.4100886528872,0.0416106426707046,81.3983251339384,"DH"
153.062097474099,"DiamondHead",75.2521015513135,0.411509256533801,0.0316988856544,93.9786519077408,"DH"
153.063210834633,"DiamondHead",45.4998823870812,1.3585673580534,0.0723920138677983,98.955131997984,"DH"
153.064618006723,"DiamondHead",13.3911026252555,0.673816393135098,-0.00832793312089564,105.243345917746,"DH"
153.066062988378,"DiamondHead",13.8834999670445,0.6707671454914,-0.00697102805229832,111.747386172912,"DH"
153.067416003009,"DiamondHead",45.3690970971835,1.3818450871199,0.0856355665065962,123.274358532795,"DH"
153.068768798877,"DiamondHead",76.0611739863295,0.4472441970813,0.0458233087017987,138.978493800489,"DH"
153.071498021204,"DiamondHead",74.2794366985461,0.486847939999599,0.0390946334532032,155.153755535578,"DH"
153.072565932527,"DiamondHead",47.1379899243515,1.7590496385376,0.0994076923913028,167.109589450461,"DH"
153.07398427333,"DiamondHead",14.8204934666475,0.601157222149702,-0.0157017758800961,182.693076856852,"DH"
153.075339762502,"DiamondHead",9.06362862416188,0.590763376351799,-0.0153274819434017,190.214713569056,"DH"
153.076348184466,"DiamondHead",9.81971251294083,0.583626592055001,-0.0155811183036008,195.011055241441,"DH"
153.077357991634,"DiamondHead",15.3549396985989,0.571411613621802,-0.0152638463708996,205.977448747064,"DH"
153.078569064791,"DiamondHead",46.435230794864,1.8745630974618,0.115840370212702,220.673956118579,"DH"
153.079802825395,"DiamondHead",76.0087304539712,0.8168121261875,0.0739239910708989,228.557705610955,"DH"
153.082421627053,"DiamondHead",102.488034233137,NA,NA,145.665670721765,"DH"
153.08471220473,"DiamondHead",102.292527584771,NA,NA,65.9580387571597,"DH"
153.08562888877,"DiamondHead",74.0523658101911,NA,NA,151.343292022239,"DH"
153.086718014604,"DiamondHead",46.8610133607286,NA,NA,251.842313493537,"DH"
153.088209025141,"DiamondHead",13.4505250886816,NA,NA,388.750577950476,"DH"
153.089793904594,"DiamondHead",13.8138346956186,NA,NA,534.295200123976,"DH"
153.091193568787,"DiamondHead",46.0776950748704,NA,NA,663.172460314762,"DH"
153.092354510125,"DiamondHead",75.923203897045,NA,NA,771.229376164333,"DH"
153.094143411599,"DiamondHead",108.798552797841,NA,NA,936.69887349231,"DH"
153.096004806614,"DiamondHead",106.878657327148,NA,NA,1107.50017520883,"DH"
153.097044355665,"DiamondHead",73.7810966942329,NA,NA,1202.85662457334,"DH"
153.098170952544,"DiamondHead",46.350954094759,NA,NA,1306.19945036376,"DH"
153.099456787073,"DiamondHead",14.285636074004,NA,NA,1424.156008383,"DH"
153.101129404769,"DiamondHead",14.9633485255886,NA,NA,1578.73313794606,"DH"
153.102429665953,"DiamondHead",46.0169214830945,NA,NA,1699.82605186376,"DH"
153.103523696915,"DiamondHead",74.8582402272805,NA,NA,1800.70395166943,"DH"
153.104761720612,"DiamondHead",105.176007152668,NA,NA,1914.14342116711,"DH"
153.10671211325,"DiamondHead",106.640706225803,NA,NA,2093.04490513936,"DH"
153.10785508736,"DiamondHead",75.202669311053,NA,NA,2197.90988892628,"DH"
153.109052082879,"DiamondHead",45.3467381562514,NA,NA,2307.73159748742,"DH"
153.110336113087,"DiamondHead",14.1513737775178,NA,NA,2425.52818932095,"DH"
153.111950874287,"DiamondHead",14.9905457260679,NA,NA,2573.83915079847,"DH"
153.113166809082,"DiamondHead",45.9730465147588,NA,NA,2686.85611044253,"DH"
153.114290063756,"DiamondHead",74.6549311916513,NA,NA,2791.33795569034,"DH"
153.115670934747,"DiamondHead",104.485091237711,NA,NA,2918.37617233634,"DH"
153.117767266549,"DiamondHead",105.855554236346,NA,NA,3112.13353053033,"DH"
153.11888439012,"DiamondHead",75.7796763201167,NA,NA,3216.20100189629,"DH"
153.120085525522,"DiamondHead",45.8127882926643,NA,NA,3328.09494758965,"DH"
153.121379280163,"DiamondHead",14.2581267935089,NA,NA,3448.61725397995,"DH"
153.122984313898,"DiamondHead",14.6106212856405,NA,NA,3598.13775037238,"DH"
153.124226756041,"DiamondHead",46.1701686591004,NA,NA,3713.88049049425,"DH"
153.125353279888,"DiamondHead",75.2443806202027,NA,NA,3818.82478416723,"DH"
153.126684595179,"DiamondHead",105.747619170928,NA,NA,3942.84721546166,"DH"
153.128801318597,"DiamondHead",105.286315625397,NA,NA,4140.03712220788,"DH"
153.129944202192,"DiamondHead",75.1436975322766,NA,NA,4246.50625986856,"DH"
153.131131753284,"DiamondHead",45.4353459242968,NA,NA,4357.13676086907,"DH"
153.132407188369,"DiamondHead",13.9064677238819,NA,NA,4475.95464699667,"DH"
153.134029943001,"DiamondHead",14.4712001974435,NA,NA,4627.12873709177,"DH"
153.135360001655,"DiamondHead",45.5293595375948,NA,NA,4751.05764775272,"DH"
153.136598614826,"DiamondHead",75.5737822216596,NA,NA,4867.4267595065,"DH"
153.137992435503,"DiamondHead",105.784797878428,NA,NA,4999.00810350276,"DH"
153.139953047653,"DiamondHead",107.371437997493,NA,NA,5182.20150345319,"DH"
153.141252283348,"DiamondHead",75.4715825256505,NA,NA,5303.23817816812,"DH"
153.142468208293,"DiamondHead",44.9125707679477,NA,NA,5416.51386648928,"DH"
153.143764268625,"DiamondHead",14.1537360192926,NA,NA,5537.25522793744,"DH"
153.145474360366,"DiamondHead",14.889407203572,NA,NA,5696.56827340971,"DH"
153.146720842634,"DiamondHead",44.3664229326583,NA,NA,5812.69150016798,"DH"
153.14798521668,"DiamondHead",74.9019648176751,NA,NA,5930.48178237324,"DH"
153.149345855637,"DiamondHead",106.275714090701,NA,NA,6057.24047172647,"DH"
153.151114281235,"DiamondHead",108.019184915184,NA,NA,6221.98945977114,"DH"
153.152540469923,"DiamondHead",74.9536182669773,NA,NA,6354.85553198868,"DH"
153.153783155893,"DiamondHead",44.6886050097329,NA,NA,6470.62644671661,"DH"
153.155062103331,"DiamondHead",13.8839234646824,NA,NA,6589.68942584776,"DH"
153.156676864566,"DiamondHead",15.1940805245585,NA,NA,6738.3266613085,"DH"
153.157884925799,"DiamondHead",45.7130551026076,NA,NA,6849.56622076158,"DH"
153.159104014857,"DiamondHead",75.0650957533814,NA,NA,6963.05415170719,"DH"
153.160393439691,"DiamondHead",104.071753096008,NA,NA,7083.18086956958,"DH"
153.162339360236,"DiamondHead",106.237007416764,NA,NA,7264.4691991304,"DH"
153.163616013589,"DiamondHead",75.4999036002545,NA,NA,7383.40672246841,"DH"
153.164882706695,"DiamondHead",45.4054808908147,NA,NA,7501.41656199664,"DH"
153.166170310906,"DiamondHead",14.363470036627,NA,NA,7621.37481188324,"DH"
153.167828916809,"DiamondHead",15.2090738579392,NA,NA,7775.89740826335,"DH"
153.169110358269,"DiamondHead",45.6036952551257,NA,NA,7895.28209278078,"DH"
153.170291332658,"DiamondHead",73.9923169777198,NA,NA,8005.30704975002,"DH"
153.17172398914,"DiamondHead",105.759108499754,NA,NA,8138.78014648448,"DH"
153.173600538926,"DiamondHead",109.01135840357,NA,NA,8313.60893412206,"DH"
153.175060799368,"DiamondHead",75.0188217945544,NA,NA,8449.65449446142,"DH"
153.176315529194,"DiamondHead",45.3472938356929,NA,NA,8566.55200122235,"DH"
153.177692159146,"DiamondHead",14.1596065525883,NA,NA,8694.28428740179,"DH"
153.17942288243,"DiamondHead",15.2250901102775,NA,NA,8853.35219566088,"DH"
153.180711841656,"DiamondHead",45.6867977146236,NA,NA,8972.86607008758,"DH"
153.18196101585,"DiamondHead",76.1215689256836,NA,NA,9089.24727849735,"DH"
153.183319780542,"DiamondHead",106.488268358333,NA,NA,9215.8389249223,"DH"
153.184939663731,"DiamondHead",109.154951296745,NA,NA,9366.75849580378,"DH"
153.186234824739,"DiamondHead",74.7726358608168,NA,NA,9487.42319972574,"DH"
153.187334895372,"DiamondHead",43.6920600326967,NA,NA,9588.99943674907,"DH"
153.188622808491,"DiamondHead",16.760308777344,NA,NA,9706.94676856276,"DH"
153.190213120532,"DiamondHead",13.0840602929734,NA,NA,9854.76474711583,"DH"
153.190949640342,"DiamondHead",42.9910073615976,NA,NA,9923.38490461722,"DH"
153.19182631581,"DiamondHead",74.8770012810148,NA,NA,10005.063208258,"DH"
153.192807200015,"DiamondHead",105.463547015993,NA,NA,10096.4515815658,"DH"
153.194176481339,"DiamondHead",106.299764244027,NA,NA,10224.740606428,"DH"
153.194994753273,"DiamondHead",73.4655227150035,NA,NA,10302.5733870341,"DH"
153.195843813866,"DiamondHead",42.9463293926492,NA,NA,10382.6680069422,"DH"
153.196622346214,"DiamondHead",13.2094507228521,NA,NA,10455.2103109375,"DH"
153.197567635075,"DiamondHead",13.0080609590558,NA,NA,10543.2818739455,"DH"
153.198555972644,"DiamondHead",46.0012214548403,NA,NA,10635.3643861301,"DH"
153.400630581543,"NorthSolitary",22.472256462908,NA,NA,4659.6470882697,"NS"
153.403292031463,"NorthSolitary",44.378027405551,NA,NA,4407.38935426621,"NS"
153.405365006441,"NorthSolitary",46.9322375439509,NA,NA,4210.17484551196,"NS"
153.407012176509,"NorthSolitary",13.5308111215953,NA,NA,4051.87182495241,"NS"
153.408649190251,"NorthSolitary",14.350425191312,NA,NA,3895.63175234831,"NS"
153.411725107737,"NorthSolitary",11.1630490832568,NA,NA,3601.66313787286,"NS"
153.413274907708,"NorthSolitary",15.2197189693708,NA,NA,3452.5511741193,"NS"
153.415121076099,"NorthSolitary",43.6505348643003,NA,NA,3274.91421830196,"NS"
153.416902546606,"NorthSolitary",44.0995072218521,NA,NA,3103.49603351717,"NS"
153.418609313804,"NorthSolitary",13.4048025088106,NA,NA,2940.49529284063,"NS"
153.420406980858,"NorthSolitary",14.8971421373285,NA,NA,2769.86314860203,"NS"
153.422289085349,"NorthSolitary",46.3482491809477,NA,NA,2591.21606225079,"NS"
153.424409707155,"NorthSolitary",47.3625637947559,NA,NA,2389.9273558978,"NS"
153.425701751857,"NorthSolitary",14.6601816749349,NA,NA,2265.46924910482,"NS"
153.427233817009,"NorthSolitary",14.8532371230193,NA,NA,2116.19167053906,"NS"
153.429101852844,"NorthSolitary",45.6653742532579,NA,NA,1935.98370285191,"NS"
153.431450208128,"NorthSolitary",46.2547628038646,NA,NA,1711.91309269166,"NS"
153.43286710216,"NorthSolitary",15.0583477014557,NA,NA,1577.06764898247,"NS"
153.4342999776,"NorthSolitary",14.9335918312996,NA,NA,1439.29975090161,"NS"
153.436135101264,"NorthSolitary",45.8929872470849,NA,NA,1263.99183315376,"NS"
153.439292335648,"NorthSolitary",45.5532010191961,NA,NA,964.323117486519,"NS"
153.440431983459,"NorthSolitary",14.7720570575413,NA,NA,856.498257036836,"NS"
153.441971133926,"NorthSolitary",14.6330843999416,NA,NA,711.868262441336,"NS"
153.443740272607,"NorthSolitary",45.7414042715418,NA,NA,548.110994625242,"NS"
153.447479878763,"NorthSolitary",46.0747877201223,NA,NA,222.864570927555,"NS"
153.44853286731,"NorthSolitary",15.4135448389426,NA,NA,166.082167284202,"NS"
153.450204835233,"NorthSolitary",16.7031901555855,0.1923196118696,0.012660945569003,155.906934579874,"NS"
153.451905631703,"NorthSolitary",45.870865835587,0.795864201730399,0.038787305329997,156.096291712036,"NS"
153.455071823518,"NorthSolitary",43.0658267570891,0.6953222697596,0.0365924259263011,156.442300506804,"NS"
153.456291707285,"NorthSolitary",15.0307414180508,0.2075503104614,0.0115938642568025,156.568195766612,"NS"
153.457730611179,"NorthSolitary",15.7110652568692,0.2090656315264,0.0129461774134967,151.283511952394,"NS"
153.459507978454,"NorthSolitary",45.7044830856345,0.726830443448499,0.0348433477190042,140.052977130607,"NS"
153.46088447567,"NorthSolitary",68.7055941697302,0.6955334904575,0.0386024745530023,138.583292754268,"NS"
153.461779403565,"NorthSolitary",69.1708043429915,0.680507964952799,0.0377366111932957,138.675186733843,"NS"
153.462820243757,"NorthSolitary",43.6752540062678,0.6581311796314,0.0328637636757989,138.781215842255,"NS"
153.464012066514,"NorthSolitary",14.450897469413,0.243753721379797,0.00966022772229991,138.901505942034,"NS"
153.46545740771,"NorthSolitary",15.4631568234927,0.261444320469298,0.0130958068388054,139.045780043183,"NS"
153.467264485883,"NorthSolitary",45.6278133256684,0.6755511489818,0.0325038534538962,139.223690716379,"NS"
153.468724059987,"NorthSolitary",68.4943700569613,0.6266877107435,0.0320750522812006,139.365382933911,"NS"
153.469403839264,"NorthSolitary",19.7448079626755,-0.4490585711997,-0.0390244857644007,28.6312456141606,"NS"
153.469693756009,"NorthSolitary",70.2130781763806,0.615747800592999,0.0292199701348039,139.458528180252,"NS"
153.470519510972,"NorthSolitary",46.819278301548,-0.204007834009701,-0.0277158051785023,35.8217812104479,"NS"
153.470819854716,"NorthSolitary",44.036117237709,0.605640096384199,0.0255600502642039,139.565703929465,"NS"
153.472121844349,"NorthSolitary",14.3535484622063,0.322785628922201,0.00925937348849715,139.688290071852,"NS"
153.472657012885,"NorthSolitary",45.2727277578975,-0.2522180150706,-0.0301408897537954,46.9522482717342,"NS"
153.473686832993,"NorthSolitary",15.4993149429264,0.324792834264301,0.0129745188855992,139.692643307456,"NS"
153.473803965266,"NorthSolitary",15.8392443110836,-0.4182312031508,-0.037871145889298,47.0585383907833,"NS"
153.475419181114,"NorthSolitary",16.6998278576362,-0.414954380633702,-0.0427569925482061,47.2063466402755,"NS"
153.47546310429,"NorthSolitary",45.6688666998622,0.588428514695298,0.0228847042269038,131.06808773495,"NS"
153.476598358332,"NorthSolitary",45.411068372294,-0.245771682765501,-0.0281226321215016,47.4345037689224,"NS"
153.476912450723,"NorthSolitary",69.2523240833833,0.548529346172899,0.0173259506922037,122.02038559359,"NS"
153.477641042205,"NorthSolitary",67.890501797806,-0.300771285968199,-0.0302565772565941,52.1011199433327,"NS"
153.477878824844,"NorthSolitary",69.5088110129159,0.520458535408999,0.0129195814514986,121.740958365983,"NS"
153.478329213526,"NorthSolitary",69.3439815495692,-0.304210154880099,-0.0311045515879016,57.2420161801089,"NS"
153.478911081993,"NorthSolitary",44.395484323563,0.504774177549201,0.0127335939220998,122.1846752588,"NS"
153.479271164125,"NorthSolitary",45.004815168667,-0.288188071515101,-0.0309709637622007,63.8240293932408,"NS"
153.480172729609,"NorthSolitary",15.0708510529596,0.252690339018802,-0.00571684085989688,129.331266419844,"NS"
153.480580520626,"NorthSolitary",15.3373501396399,-0.412904248386202,-0.042813998315097,66.1362219445406,"NS"
153.481608494286,"NorthSolitary",15.4556333166186,0.256540209725301,-0.00203317737960163,138.785011099837,"NS"
153.48224995911,"NorthSolitary",16.3501381541061,-0.426160020717003,-0.0411907797005,66.2794364874672,"NS"
153.48331797026,"NorthSolitary",46.4009255999195,0.452499349384603,0.00954657331569564,140.858717530367,"NS"
153.483371988881,"NorthSolitary",45.1085294290174,-0.282567897291198,-0.027627272727301,66.5776322603717,"NS"
153.484456380053,"NorthSolitary",68.2486296636376,-0.3166963037879,-0.0270767441822031,67.206373434657,"NS"
153.484806823716,"NorthSolitary",69.8183874088752,0.380025680470702,0.00157345403329856,141.721804432137,"NS"
153.485207112474,"NorthSolitary",69.2257710215993,-0.3281383057247,-0.0279724137988993,67.6411018323572,"NS"
153.485912068735,"NorthSolitary",71.5502133184523,0.350089777868998,-0.00160323528159978,142.361324767699,"NS"
153.486135101219,"NorthSolitary",44.9705744560475,-0.317938227087403,-0.0280000000000058,68.1778104171789,"NS"
153.487048594181,"NorthSolitary",42.3574750536795,0.424112480701101,0.00518986192999904,143.017874477326,"NS"
153.48739428099,"NorthSolitary",15.598500251542,-0.431264934568198,-0.0394794410992958,66.8815001685938,"NS"
153.488278961071,"NorthSolitary",14.4907494298367,0.264700329895803,-0.00914818878919732,143.724104999122,"NS"
153.489033789076,"NorthSolitary",16.0471913687109,-0.444157453420601,-0.0380739881742045,56.938427123399,"NS"
153.489759572205,"NorthSolitary",15.4325264481766,0.290971064646797,-0.00243534796220501,138.909699773484,"NS"
153.490274831197,"NorthSolitary",45.6424762585841,-0.368178154553,-0.0293414544577004,52.1730056510839,"NS"
153.491443379655,"NorthSolitary",70.1631254932024,-0.494360618000599,-0.0361508488040059,52.7620204647933,"NS"
153.491605122853,"NorthSolitary",46.4334518165858,0.416822912925198,0.00499716273499473,128.530577199346,"NS"
153.49232915129,"NorthSolitary",72.7885361316219,-0.533021726629503,-0.0390763276424053,53.2696822622122,"NS"
153.493200401563,"NorthSolitary",70.8027191174593,0.2813074303718,-0.00571115294020075,128.080847180356,"NS"
153.493210601699,"NorthSolitary",42.1857960383598,-0.3494960928276,-0.0295736273543028,53.7742124524735,"NS"
153.494274016162,"NorthSolitary",72.0322561312427,0.320679657867899,-0.00307390694590026,128.6944994453,"NS"
153.494392108884,"NorthSolitary",14.3413610844738,-0.342457844603803,-0.0389164050400055,54.4494652333922,"NS"
153.495258140532,"NorthSolitary",42.7679072945186,0.4813028074451,0.00914347231229584,129.256149772982,"NS"
153.495838673961,"NorthSolitary",15.9194462521793,-0.337954035355899,-0.0315425568414014,55.274604428577,"NS"
153.496429542766,"NorthSolitary",14.4082173812154,0.337994736713199,-0.00308535964890666,129.923619021123,"NS"
153.497069041051,"NorthSolitary",45.4222128127687,-0.331240890008999,-0.0274974540033028,55.975035786347,"NS"
153.497891489033,"NorthSolitary",15.859515078563,0.3491074062342,0.00366549814729922,130.75502162429,"NS"
153.498132578582,"NorthSolitary",68.5037531375733,-0.603067788943399,-0.0420446584491003,56.5794674102778,"NS"
153.498893737766,"NorthSolitary",69.8341747322785,-0.6265244492559,-0.0445549138369046,57.0114665177061,"NS"
153.49970046136,"NorthSolitary",46.4957996185,0.512706824284901,0.0123556946015952,131.78128814216,"NS"
153.499842661406,"NorthSolitary",45.1457937680132,-0.3361786628891,-0.0294389834924047,57.549349580071,"NS"
153.501211802106,"NorthSolitary",14.9363857016186,-0.2844024627735,-0.0334317425014063,58.3240912159402,"NS"
153.501317961849,"NorthSolitary",70.5659529891309,0.3176238037106,-0.00294069233130045,132.696597316345,"NS"
153.502358627336,"NorthSolitary",72.0256785792262,0.2750331713485,-0.00572843989660043,133.284324129981,"NS"
153.502608351957,"NorthSolitary",14.2685722559375,-0.2881506159395,-0.0321580357851019,59.1127177531794,"NS"
153.503362480709,"NorthSolitary",42.8545157820911,0.487108893285001,0.00856736133689395,133.850397562003,"NS"
153.503630828938,"NorthSolitary",41.658005297742,-0.2479601821329,-0.0245241050479024,59.6890664389995,"NS"
153.50454839063,"NorthSolitary",14.8166888643616,0.400174340070201,0.000782185694298221,134.518040517324,"NS"
153.504905166616,"NorthSolitary",68.2405702745014,-0.487749699129701,-0.0337335361179996,60.4061524181479,"NS"
153.505660756502,"NorthSolitary",69.6336875128802,-0.483571712870102,-0.0357322653362004,60.8306872535392,"NS"
153.506008409027,"NorthSolitary",15.3369833327795,0.419221522578002,0.00325682943649497,134.206719118305,"NS"
153.506599171912,"NorthSolitary",43.9874792237018,-0.194109521230402,-0.0236928572452015,61.3572754716208,"NS"
153.507750129812,"NorthSolitary",46.55804980623,0.405416311474401,0.00435197238579832,123.675412033245,"NS"
153.507899048369,"NorthSolitary",13.5381095642488,-0.233067837228401,-0.0264335266297024,62.0854723718704,"NS"
153.50923843391,"NorthSolitary",69.8143003187186,0.230712862868597,-0.00600000000000023,118.462552372171,"NS"
153.509246352572,"NorthSolitary",14.8993293710123,-0.242904251202901,-0.0268600594567019,62.7963473917793,"NS"
153.510240364655,"NorthSolitary",70.6263100954659,0.252978539334503,-0.00517108748019979,119.021708823999,"NS"
153.510514831755,"NorthSolitary",44.9444581793885,-0.249653275317197,-0.0227860839821048,58.4665994839091,"NS"
153.511357785728,"NorthSolitary",43.8084727035482,0.5301117961892,0.0103962920472966,115.965657225229,"NS"
153.511630503486,"NorthSolitary",70.0348165584753,-0.618016119219902,-0.0409418495265044,50.8528148841886,"NS"
153.512485504325,"NorthSolitary",70.4424259094419,-0.6192817479265,-0.0420099218353016,46.3938560701766,"NS"
153.512714021939,"NorthSolitary",14.5699565773802,0.438392666024701,0.00362891588899572,107.396435439576,"NS"
153.513465627104,"NorthSolitary",45.0949548630731,-0.3042582946971,-0.027041293193605,46.7158417812857,"NS"
153.514222898623,"NorthSolitary",15.8027283249837,0.445998608099199,0.00439177366749988,102.828134280154,"NS"
153.514748128212,"NorthSolitary",15.0537189169061,-0.1234293145267,-0.0226838062315977,47.4269044008635,"NS"
153.515990075654,"NorthSolitary",45.8190916780344,0.461726956081403,0.00540858891929474,103.742419733504,"NS"
153.51617660523,"NorthSolitary",16.2158602683389,-0.127833828440501,-0.0201717759684001,48.2172721197733,"NS"
153.517354534926,"NorthSolitary",45.4846746242967,-0.3772269782833,-0.0261896962771999,43.4704903661386,"NS"
153.517543116671,"NorthSolitary",71.2894863840164,0.228965799092297,-0.0042387916291986,99.5668775276725,"NS"
153.518462371771,"NorthSolitary",70.4087338975339,-0.626421977023899,-0.0393848006005015,31.6052795349636,"NS"
153.518681791385,"NorthSolitary",72.5698999290784,0.217740743199901,-0.00440407135780418,95.4200023816751,"NS"
153.519298988197,"NorthSolitary",72.4867148984594,-0.627674145419199,-0.0395844185704988,21.8733357760762,"NS"
153.519795990004,"NorthSolitary",43.3171323394749,0.4376111188318,0.00545739994949912,91.3612145092469,"NS"
153.520210956409,"NorthSolitary",43.4927681170162,-0.3938271669622,-0.0260207852944987,15.6088558582731,"NS"
153.521047210732,"NorthSolitary",14.8595813059051,0.514198932243602,0.00757731472960188,84.687436723615,"NS"
153.521472422191,"NorthSolitary",13.953351478979,0.0488593548909009,-0.0122874007945981,10.985565707765,"NS"
153.522496541237,"NorthSolitary",15.3139806559239,0.537090319961603,0.00930960855010454,69.0813589325234,"NS"
153.522775777173,"NorthSolitary",15.2854712554484,0.0231232804006005,-0.00813284090809674,1.74371203041184,"NS"
153.524068592741,"NorthSolitary",46.412487789662,-0.479557631336299,-0.0244635058749054,12.4714921308745,"NS"
153.524269103862,"NorthSolitary",45.8201645635301,0.474362475561801,0.0094665574839965,56.3861770520291,"NS"
153.5252629101,"NorthSolitary",72.3352017967897,-0.616358565394197,-0.0332952767281043,26.0340207818681,"NS"
153.526117340183,"NorthSolitary",74.3373143600941,0.165783789015801,0.000572828244301604,49.6428891369306,"NS"
153.526142374608,"NorthSolitary",73.418861101424,-0.608203838729001,-0.0324684920014988,36.3219214481509,"NS"
153.527054066744,"NorthSolitary",44.1529199432124,-0.487953911292198,-0.0247250176561025,45.5632684018804,"NS"
153.527486801202,"NorthSolitary",76.0834367193569,0.1853619116796,0.00180396393270144,44.645532182745,"NS"
153.52832743318,"NorthSolitary",14.1734842331498,0.1033032338913,-0.00493376540500634,51.1423522519835,"NS"
153.528405587713,"NorthSolitary",41.6082198239804,0.614563752892501,0.0182397856408016,39.4450468277803,"NS"
153.529603004406,"NorthSolitary",15.875443123128,0.629691677277002,0.0194424426532009,26.9983799990508,"NS"
153.529724629715,"NorthSolitary",16.2348545191839,0.0794722388234987,-8.12750762975156e-05,56.2434894108349,"NS"
153.530892435773,"NorthSolitary",44.8734289667164,-0.342933057574403,-0.0104277614315009,60.5083855563782,"NS"
153.531176549152,"NorthSolitary",15.2487525458535,0.6288925290193,0.0227312811749059,13.324520944265,"NS"
153.532235003459,"NorthSolitary",74.0010878646632,-0.593934101488202,-0.0269458313415996,65.4129381494234,"NS"
153.533027015605,"NorthSolitary",46.6592022721346,0.674212599816702,0.0309343087990044,5.9534088334652,"NS"
153.533223342882,"NorthSolitary",76.4266802517119,-0.6269691253577,-0.0306196710102995,69.0244230643836,"NS"
153.533777809066,"NorthSolitary",41.9358961893194,-0.252819440447503,-0.00873063308539912,71.0508539491042,"NS"
153.534721374409,"NorthSolitary",14.1121109014621,0.3197915774218,0.00624203355980057,74.4999361731014,"NS"
153.535216665076,"NorthSolitary",75.1840320940611,0.247056597176798,0.0106276993478005,2.60767688048323,"NS"
153.53594703671,"NorthSolitary",15.254910211653,0.409622515114197,0.0135031039547968,78.9813052271262,"NS"
153.536922454844,"NorthSolitary",75.5488957341076,0.093584802142999,0.00488807407639769,16.3641452951547,"NS"
153.537182426492,"NorthSolitary",46.6705362859278,-0.161238935571099,0.00138554270999691,83.4995186375837,"NS"
153.538035602468,"NorthSolitary",42.6525867660379,0.589019440083003,0.0306888459870009,28.6689765454182,"NS"
153.538505363578,"NorthSolitary",76.699236179877,-0.466374499946301,-0.0138238004734035,88.3393431000064,"NS"
153.539205551066,"NorthSolitary",14.119290749496,0.709783069673701,0.0365795962088029,42.1019285556883,"NS"
153.539614296039,"NorthSolitary",77.7787125637686,-0.507964670504101,-0.0180050820072992,92.3973880657041,"NS"
153.540578454025,"NorthSolitary",15.5862013240926,0.723472641014599,0.0386061303619059,56.7885727401267,"NS"
153.540606498689,"NorthSolitary",44.2455312130486,-0.0247667868149968,0.00376492812739571,96.0291463069445,"NS"
153.541804765017,"NorthSolitary",13.6556300127404,0.546058862749899,0.015863723516901,100.416262577496,"NS"
153.542374674591,"NorthSolitary",46.6119553353434,0.6775028946406,0.0386770145113005,65.4268901716779,"NS"
153.542943163941,"NorthSolitary",15.4976791820954,0.6606384474908,0.0226593120282033,104.579771144787,"NS"
153.544138998741,"NorthSolitary",46.6347879996887,0.248973493157699,0.0113314352959009,104.211739164441,"NS"
153.545122838003,"NorthSolitary",79.3458993538578,0.382108462612702,0.0234512920599954,89.9960479610169,"NS"
153.545562781002,"NorthSolitary",76.8339837233454,-0.0174304236815992,0.00966765301949835,99.0319185804801,"NS"
153.54759788518,"NorthSolitary",17.5473200438495,0.825990087687899,0.0276615431149025,99.1610127459755,"NS"
153.547639777421,"NorthSolitary",79.782182406318,0.5249259438195,0.0318486008965024,119.402763296036,"NS"
153.547675483406,"NorthSolitary",73.8035713528247,0.1285463337131,0.00828232482219704,103.256608633355,"NS"
153.548775197086,"NorthSolitary",47.4346565423615,0.273167208018698,0.0125888308196025,107.289398430751,"NS"
153.548879877811,"NorthSolitary",43.2711756363485,0.847740404871598,0.0352838127331978,141.265361855459,"NS"
153.549940433644,"NorthSolitary",13.5673510538981,1.0024298607088,0.0365740568243993,163.158422755444,"NS"
153.550076834391,"NorthSolitary",14.6411855448476,0.869852850361099,0.0293152100447003,112.063981782114,"NS"
153.550521129064,"NorthSolitary",43.5405699935224,0.469796495706902,0.0217046611154998,263.112916416752,"NS"
153.551163101261,"NorthSolitary",15.5741461259936,0.946210445692198,0.0350582680431017,170.540763098271,"NS"
153.551273981703,"NorthSolitary",14.4153037778512,0.9114371724162,0.0320698644324011,98.3425726671962,"NS"
153.552359580941,"NorthSolitary",45.9403838349826,0.796174891671999,0.0343219306933022,169.081183726201,"NS"
153.552402496193,"NorthSolitary",45.6919112048919,0.697393343183201,0.0264480963871065,79.8305864064034,"NS"
153.55277678516,"NorthSolitary",74.8871509401544,-0.095114773885701,0.0045176838295049,310.244322463529,"NS"
153.553540038933,"NorthSolitary",76.9570094092505,0.0711780083336002,0.010663449169698,61.1715847730547,"NS"
153.553604698171,"NorthSolitary",77.435373092899,0.613818587116299,0.0353728563645959,160.114794475116,"NS"
153.554171117117,"NorthSolitary",106.194550816281,-0.4536675713717,-0.00937839645219896,333.115640313048,"NS"
153.554984537721,"NorthSolitary",103.449438012552,-0.125549883870601,0.0143380793897023,39.946076235401,"NS"
153.555329229449,"NorthSolitary",135.996585923128,NA,NA,348.624142047653,"NS"
153.556257502276,"NorthSolitary",103.764181099441,-0.111101576299298,0.0125400966438036,28.6463141949233,"NS"
153.557170190388,"NorthSolitary",107.884577001474,0.0348115594600991,0.0195296069950004,130.080352633667,"NS"
153.557178370207,"NorthSolitary",72.5484098371094,0.183628278573899,0.00808524674040001,21.3484646004283,"NS"
153.558171462968,"NorthSolitary",45.6935770162318,0.578464333595399,0.0190172093776013,13.4103088273767,"NS"
153.559336089959,"NorthSolitary",14.5683876920027,0.741321733876799,0.0224477912332048,1.92899257301445,"NS"
153.560112190257,"NorthSolitary",135.435473722906,NA,NA,402.201169118036,"NS"
153.560386466992,"NorthSolitary",108.449837906076,0.0636739929963994,0.0234864213250958,103.508017682375,"NS"
153.560563913905,"NorthSolitary",15.6026078093388,0.739801875260497,0.0230088944311007,17.4010965075009,"NS"
153.561046028061,"NorthSolitary",104.134219930544,-0.367796432434599,-0.00401974730279875,410.576475159957,"NS"
153.561398124757,"NorthSolitary",73.6521787299592,0.502653046994901,0.0325625820810984,94.8956197976315,"NS"
153.561576002143,"NorthSolitary",45.2460811539655,0.6012454322853,0.0217125539619971,31.729362732423,"NS"
153.562028503365,"NorthSolitary",105.503700024955,-0.302424546283802,-0.00405373815259935,425.355153795739,"NS"
153.562584877005,"NorthSolitary",44.2051228546417,0.6089013451857,0.0251344111183016,84.7192865112989,"NS"
153.562770589252,"NorthSolitary",75.7963923253426,-0.00806056256649867,0.0063404986191955,42.355644834785,"NS"
153.563253854784,"NorthSolitary",135.123999333853,NA,NA,445.074416565434,"NS"
153.56377710717,"NorthSolitary",14.6879016345908,0.695647331068802,0.0265889679726996,74.9689647526149,"NS"
153.564181283148,"NorthSolitary",108.756164508376,-0.260950057281502,0.00923244485949937,54.0523819677811,"NS"
153.565086648604,"NorthSolitary",17.0468740799365,0.6582625860101,0.0254923182734998,73.1455607318251,"NS"
153.565455807916,"NorthSolitary",108.279370058818,-0.226924921309898,0.00837874983479736,64.1316989390237,"NS"
153.56607342257,"NorthSolitary",45.4755728944642,0.653649377431801,0.0254419471200009,72.9558376880534,"NS"
153.566371914104,"NorthSolitary",75.2351238379388,0.155240153035802,0.00446063619500592,71.0724205733999,"NS"
153.567119916315,"NorthSolitary",76.7240951895447,0.4674472345087,0.0292027381359006,66.7134550765691,"NS"
153.567471116187,"NorthSolitary",45.5091974871419,0.586101420234201,0.0178246480880944,79.1536952055914,"NS"
153.568494161016,"NorthSolitary",109.671350636405,NA,NA,60.4597854246791,"NS"
153.568627929637,"NorthSolitary",136.247261303104,NA,NA,515.337401419663,"NS"
153.568640136766,"NorthSolitary",18.0017294009208,0.666141063426199,0.0408811980516006,87.69562506941,"NS"
153.569561767584,"NorthSolitary",103.394720471596,0.080999748572701,0.00557677919019994,530.643037071527,"NS"
153.569565921818,"NorthSolitary",20.4496525248361,0.630203703906599,0.0419621270004953,94.4479905029746,"NS"
153.569751628166,"NorthSolitary",109.633766280966,NA,NA,62.1596098212261,"NS"
153.570567704749,"NorthSolitary",105.494889981834,0.108358527717701,0.00301174257660364,545.622922514201,"NS"
153.570588811284,"NorthSolitary",46.2582844931271,0.636137909065198,0.0236359765078973,102.342611772623,"NS"
153.570659928559,"NorthSolitary",73.6055720964898,0.604610234152602,0.0251038408885051,54.7855183654658,"NS"
153.571598785162,"NorthSolitary",44.2247248044206,0.736521337435402,0.0205642659226015,39.3718194037196,"NS"
153.571672185197,"NorthSolitary",76.1008314969985,0.283988570069699,0.0101689294095024,111.057579997772,"NS"
153.571903228673,"NorthSolitary",135.194609571849,NA,NA,558.659348448259,"NS"
153.572572584355,"NorthSolitary",15.2138571816219,0.5078335051025,0.0221502124887039,18.2318301714407,"NS"
153.572739565204,"NorthSolitary",105.910644676978,-0.279021375986897,-0.00211410185559657,125.542536307677,"NS"
153.573769478799,"NorthSolitary",16.7573397866588,0.503440076792899,0.0225088885156026,12.403210590159,"NS"
153.57397119663,"NorthSolitary",135.738388525565,NA,NA,145.723819294782,"NS"
153.574696413718,"NorthSolitary",45.553805691243,0.6726161520352,0.0221672048437043,36.0586999803121,"NS"
153.575737508076,"NorthSolitary",77.0991351963689,0.4446135142923,0.0197739711330982,62.5971004002251,"NS"
153.57696564111,"NorthSolitary",108.110066952773,-0.0430050295481976,0.0173241403867976,93.9021621548653,"NS"
153.577348084172,"NorthSolitary",136.486854487629,NA,NA,639.82004319948,"NS"
153.578118966268,"NorthSolitary",134.888075291988,NA,NA,228.70789395297,"NS"
153.578292846711,"NorthSolitary",104.795532403837,0.280919276817198,0.00984706135619717,655.29787213824,"NS"
153.578372685792,"NorthSolitary",107.302969829511,-0.0911840498879002,0.0166898773217952,130.118103958117,"NS"
153.57917022714,"NorthSolitary",73.7440822907327,0.534281882037,0.0190477497857984,147.504222013622,"NS"
153.57926025397,"NorthSolitary",106.112565341878,-0.0865177088221998,3.13866136991692e-05,246.609134178735,"NS"
153.579366803828,"NorthSolitary",106.248781017936,0.335179210527002,0.0166029408485002,672.358191026518,"NS"
153.580119206914,"NorthSolitary",44.4635940258807,0.693819788280699,0.0195172100477023,155.866475516187,"NS"
153.580226643899,"NorthSolitary",105.092168876716,0.00838394078370186,0.00126969377200226,242.68198924233,"NS"
153.580675261316,"NorthSolitary",135.073717533658,NA,NA,667.040482816284,"NS"
153.581141599016,"NorthSolitary",14.939103120125,0.325683129285498,0.0180530679335007,170.406037405463,"NS"
153.581179615559,"NorthSolitary",135.105229930496,0.586130242800301,0.0584614432173964,241.957216052113,"NS"
153.582323087289,"NorthSolitary",15.4221982667506,0.340560856276099,0.0196220120378996,182.9440436873,"NS"
153.583248774221,"NorthSolitary",45.2515841630282,0.666473160808199,0.0268779902974003,187.827222064889,"NS"
153.584289868744,"NorthSolitary",76.7713380619115,0.419663047900301,0.0160048837164979,193.267080539363,"NS"
153.585412529219,"NorthSolitary",106.704638006837,-0.2410789312428,0.00802394477139501,199.081401232306,"NS"
153.586030575533,"NorthSolitary",135.256221493981,1.2270265924536,0.0712479675950988,735.216962112713,"NS"
153.586598968528,"NorthSolitary",134.56242651709,0.520721249727199,0.0268949827841993,265.190587903912,"NS"
153.586776729325,"NorthSolitary",106.140781034627,-0.1779724160717,0.00979415951209717,207.020759050495,"NS"
153.587006000056,"NorthSolitary",108.441592257244,0.390510487126701,0.0157688019638016,792.987317098264,"NS"
153.587545663255,"NorthSolitary",75.1006467621662,0.545563537391001,0.0214798369184024,211.662019442289,"NS"
153.587707901051,"NorthSolitary",107.408161665513,0.0393338785973008,-0.00196350284279845,269.520824726945,"NS"
153.587855148249,"NorthSolitary",107.532967212422,0.400069445656001,0.0134951348726986,864.915739319508,"NS"
153.588476371734,"NorthSolitary",104.921186253265,0.0337666199876026,-0.00482525585899651,272.471885392705,"NS"
153.58856124878,"NorthSolitary",45.0372302536851,0.720818627328903,0.026407966896997,217.085089146448,"NS"
153.58884118238,"NorthSolitary",136.163789119998,1.3895125426704,0.0560039380553974,953.957477244954,"NS"
153.589322448115,"NorthSolitary",136.616077816511,0.787307950611098,0.0366868081913054,275.71827737621,"NS"
153.589594014535,"NorthSolitary",14.9947340407559,0.332747031045699,0.0185557410865016,222.415612177567,"NS"
153.590814216797,"NorthSolitary",17.2077289978733,0.341587040161698,0.0189786728606975,228.712407280814,"NS"
153.59170232601,"NorthSolitary",45.0540908317133,0.679325964407003,0.0292758332892973,233.299965559048,"NS"
153.592725372227,"NorthSolitary",76.0207293368742,0.552626253889802,0.0324624067461983,238.610001875827,"NS"
153.593791344631,"NorthSolitary",104.245686972249,0.124917368481402,0.0345213170897978,246.057624403449,"NS"
153.593853020167,"NorthSolitary",135.718333485929,1.1473544121931,0.0597969416004034,1508.90608140641,"NS"
153.594563258152,"NorthSolitary",134.70528599975,0.608766181940801,0.016034602580298,276.820844408604,"NS"
153.59491386412,"NorthSolitary",107.691733037519,0.691670229278699,0.0230153697167026,1630.91947919631,"NS"
153.595351936118,"NorthSolitary",106.116451007023,0.162425496103801,0.0391980760800976,267.675162762027,"NS"
153.595643043479,"NorthSolitary",107.246724405464,0.128586794574801,-0.00788395509070483,272.418927291313,"NS"
153.595914237882,"NorthSolitary",107.666085574735,0.6482761208567,0.0210197759588979,1741.71327909699,"NS"
153.596167461919,"NorthSolitary",76.16946985426,0.540417540657298,0.0372299069439066,274.889205240673,"NS"
153.596590308051,"NorthSolitary",107.01547729549,0.231841983258601,0.00147897233020444,268.556444766837,"NS"
153.59717195007,"NorthSolitary",137.343154706886,1.1442737917438,0.0472324803056949,1868.62270527128,"NS"
153.59722175317,"NorthSolitary",45.5070231786831,0.621912856012401,0.024402623121496,280.448487860141,"NS"
153.597580274872,"NorthSolitary",134.112804821144,0.375831020216499,0.013557323564001,264.519037408544,"NS"
153.598254521596,"NorthSolitary",15.403172900538,0.3184601929098,0.0221142262321976,285.819558056531,"NS"
153.599437804238,"NorthSolitary",14.6357644789984,0.314802262518398,0.0227629176407973,291.900932970801,"NS"
153.600237083383,"EvansHead",14.481744401246,0.0590545354932992,0.00501174690329975,263.484486693022,"EH"
153.600455856362,"NorthSolitary",45.0803775018196,0.5701805117086,0.0226055830499945,296.677484242911,"NS"
153.601519408342,"NorthSolitary",74.8986580860147,0.313612290679202,0.0390759805883008,301.517118598219,"NS"
153.601745730983,"EvansHead",14.150665889943,0.0471622183657026,0.00847311008489982,269.159670471202,"EH"
153.602708196164,"NorthSolitary",106.417500616339,-0.0649661856340984,0.0357612252151043,307.426134538198,"NS"
153.602863758323,"NorthSolitary",133.798390826443,0.582050857615801,0.00939945448789814,261.652614933024,"NS"
153.602970970151,"EvansHead",14.2376221080767,0.0341917299031991,0.00772325168539822,261.767803554962,"EH"
153.60389672316,"NorthSolitary",106.75193001059,0.454115424006101,1.02680810982747e-05,261.868163087818,"NS"
153.604099113624,"NorthSolitary",106.010201291169,-0.116075271428098,0.0350368118101017,311.96141001992,"NS"
153.604219706288,"NorthSolitary",133.418447346017,1.1215652696388,0.0492876159637987,2197.685606737,"NS"
153.604830551111,"NorthSolitary",106.882956366251,0.534968117347301,0.00676256310029544,265.435165563875,"NS"
153.604945787602,"EvansHead",17.0359604688457,0.0247558579810025,0.00587486260940295,238.756722535141,"EH"
153.604998081116,"NorthSolitary",75.6610138395707,0.188399497328,0.0385351273683057,308.487625280317,"NS"
153.605599730153,"NorthSolitary",108.264973302724,0.848453217934498,0.0264452461019999,2190.4007680101,"NS"
153.605845058476,"NorthSolitary",133.231006918981,0.479560058717201,0.00899371373959923,267.417641093113,"NS"
153.605998261795,"NorthSolitary",45.8074856960188,0.527089572018703,0.0240881955934995,304.401461692918,"NS"
153.606929528386,"NorthSolitary",107.826026206121,0.8462613606657,0.0235998135749966,2177.19554367108,"NS"
153.606956482015,"NorthSolitary",15.3849146746275,0.331045083944698,0.0281076141527024,300.485935961715,"NS"
153.607057135193,"EvansHead",15.8039897496194,0.0347291047817002,0.00610591098340052,213.562269064836,"EH"
153.608082383741,"NorthSolitary",13.5984064705422,0.332017961722499,0.0306224169800018,292.018211064242,"NS"
153.608349013609,"NorthSolitary",134.629534002625,0.987007467285203,0.0365070691022993,2162.84656280921,"NS"
153.608684139939,"EvansHead",14.9359908979881,0.034454097096603,0.00544458119200186,194.708534879208,"EH"
153.60902360279,"NorthSolitary",45.029658453869,0.491986284645201,0.0277788332134961,279.502066911841,"NS"
153.610000543355,"NorthSolitary",74.429220544965,0.1415666645367,0.0341297024178004,269.672730277328,"NS"
153.610987981099,"EvansHead",18.4883876117791,-0.00894511560510125,0.00174023961879755,168.908813786813,"EH"
153.611207025844,"NorthSolitary",106.574435876014,-0.0136217891594974,0.0330283568217951,264.815871831809,"NS"
153.611208585174,"NorthSolitary",134.188034745046,0.630864984657599,0.0056050323462955,264.645825332715,"NS"
153.612285647941,"NorthSolitary",107.083852825937,0.602701945279197,0.00573351402800171,260.239915422279,"NS"
153.612580833527,"NorthSolitary",105.898641890463,-0.121225362422802,0.0273521511088006,268.275053489592,"NS"
153.612917822894,"EvansHead",15.9789054304281,-0.00653318229040067,0.00141169506439809,147.320192593802,"EH"
153.613180402724,"NorthSolitary",106.902877025721,0.620757714320799,0.0116374006065953,256.579026122782,"NS"
153.613373955637,"NorthSolitary",75.1239839762945,0.1971725605577,0.0310912214418053,272.969913357994,"NS"
153.61411049834,"NorthSolitary",133.175815237894,0.576571414976598,0.00498052231169765,252.772826315548,"NS"
153.614377721208,"NorthSolitary",45.4151812113773,0.450341104892697,0.0337214753685942,278.286006956849,"NS"
153.615343434028,"NorthSolitary",134.541448700337,0.8232958359973,0.0290135194557024,2070.273796797,"NS"
153.615419655647,"NorthSolitary",14.9405787589692,0.350640535296399,0.0443858884761994,282.804462246427,"NS"
153.616515529428,"NorthSolitary",15.604123366438,0.3536868110223,0.0455693715010028,280.073416808384,"NS"
153.616567464462,"EvansHead",17.5185768167605,-0.0176863720684004,0.00137474921019987,105.270917792985,"EH"
153.616739451068,"NorthSolitary",107.011506499594,0.781676470528101,0.0284470103249959,2039.89125929555,"NS"
153.617381770497,"NorthSolitary",44.9237251045263,0.414219688524998,0.0368070337661948,290.583000986555,"NS"
153.617802291555,"NorthSolitary",107.332810116302,0.777788321081399,0.0252306514986032,2015.04424824927,"NS"
153.618312199904,"EvansHead",15.4906495982144,-0.00201796055079839,0.00536044772550071,76.7151463313724,"EH"
153.618355779608,"NorthSolitary",74.8266411768385,0.0932264919866022,0.035903293818798,312.496516834309,"NS"
153.618649250825,"NorthSolitary",135.36732915209,0.473793682638902,-0.00329727138999658,277.230929586289,"NS"
153.619118986069,"NorthSolitary",136.165061484308,0.575047808601202,0.00525163500179815,1987.18968407833,"NS"
153.619496751353,"NorthSolitary",105.637550153022,0.605335202715601,0.0160976670282977,315.764151026546,"NS"
153.619569950066,"NorthSolitary",106.769997504917,-0.305357688136599,-0.00210138240230151,340.946513029236,"NS"
153.620117348169,"NorthSolitary",106.422379442552,0.721113689472901,0.021106398687003,347.382178725128,"NS"
153.620769251918,"NorthSolitary",132.740027883224,0.803273230018,0.0153194116970994,400.054131547149,"NS"
153.620997175594,"NorthSolitary",106.543339119263,-0.282769391761001,-0.000675995784298777,374.287805639928,"NS"
153.621140034934,"EvansHead",14.6363277462128,0.0226987615285985,0.00326598348450347,34.0812854270292,"EH"
153.621834539068,"NorthSolitary",74.7919232148454,0.226049113792701,0.0298456340477031,394.311654488141,"NS"
153.622672780386,"EvansHead",14.4933369851658,0.0199609570478998,0.00303025000280144,20.4954379785147,"EH"
153.622764903333,"NorthSolitary",45.1649840474988,0.3430999296152,0.0282139046083003,416.883357704432,"NS"
153.623557130676,"NorthSolitary",135.494013938044,0.7656163162128,0.0135672876278008,745.587541435391,"NS"
153.62373976282,"NorthSolitary",134.58272635899,0.742773143554601,0.0285393272127976,1685.51654920996,"NS"
153.623751966252,"NorthSolitary",15.2037937641391,0.280826126770901,0.035210873559997,435.024151477857,"NS"
153.623893889738,"NorthSolitary",107.39545648679,0.7986390802524,0.0292595293629034,1587.70633552018,"NS"
153.624036106031,"NorthSolitary",106.728449133291,0.764967906150602,0.0264228067854049,1504.53464407531,"NS"
153.624041834,"NorthSolitary",107.184047246094,0.8393737729306,0.022692657721997,828.185100171838,"NS"
153.624267721193,"NorthSolitary",133.924844870578,0.712674452108001,0.0160741027287017,1404.70749824272,"NS"
153.624371076943,"NorthSolitary",107.743022495402,0.852016453523799,0.0283145503993012,898.755453124008,"NS"
153.624664224486,"NorthSolitary",134.933045588131,0.656919889797699,0.026602752204397,978.20270492922,"NS"
153.624944183766,"NorthSolitary",15.5599550838775,0.2690088985035,0.0334229647483042,451.964902686312,"NS"
153.625821431507,"EvansHead",14.1461150105565,-0.000908498698802163,0.00122535764229781,7.24936233129471,"EH"
153.625917180277,"NorthSolitary",44.7372378054008,0.299437547695899,0.0243904086561955,465.789049604112,"NS"
153.626974264645,"NorthSolitary",74.2659443154016,0.163164719928599,0.0284282555313027,480.960295501624,"NS"
153.62738762417,"EvansHead",14.3649251158434,-0.00268819995439884,0.0011085164978013,0.818786420996317,"EH"
153.628223881856,"NorthSolitary",106.520809018677,-0.261922282326601,0.000569540750099407,506.68745639701,"NS"
153.629697178634,"NorthSolitary",106.94814828689,-0.2174578171227,0.000422259871101005,541.081922031281,"NS"
153.630559286358,"EvansHead",14.1693214532683,0.0120727049846998,-0.000328814620800699,4.67154516525931,"EH"
153.630618038189,"NorthSolitary",73.3400682920698,0.200032182996001,0.0208951006859976,562.578717414129,"NS"
153.631573931285,"NorthSolitary",44.9837466926183,0.2202258331913,0.0155739568635056,582.387615687099,"NS"
153.632182504335,"EvansHead",14.7715816629823,0.0049954698170005,0.000966893226902243,11.9146644050186,"EH"
153.63259836829,"NorthSolitary",15.1757641902705,0.176001382039203,0.0193312937915024,597.234579939557,"NS"
153.633845894083,"NorthSolitary",17.7315877722445,0.162771397192397,0.0184727160817957,619.708689832011,"NS"
153.634722363158,"NorthSolitary",44.9969901411649,0.173629768483401,0.0158737477825994,640.258060513447,"NS"
153.63550440732,"EvansHead",13.9988464065946,-0.0060035826722995,0.00346926792499858,31.7892635941966,"EH"
153.635715696009,"NorthSolitary",74.7486068632489,0.128880858930799,0.0250246819582003,659.918521880743,"NS"
153.63702845974,"NorthSolitary",106.217210179286,-0.3236263557759,-0.00337698919490492,678.862821558261,"NS"
153.637033460717,"EvansHead",14.8549575604848,-0.00379519464290112,0.00461521391240183,49.2081034477597,"EH"
153.638518669997,"NorthSolitary",107.851946512573,-0.348262488295802,-0.00435490430049867,709.119072085058,"NS"
153.639436045114,"NorthSolitary",74.7631589087107,0.137993415199702,0.0186202701985962,730.527939240529,"NS"
153.640436971327,"NorthSolitary",45.4172817746325,0.103755828766602,0.00806848654659831,753.885870338001,"NS"
153.640456988471,"EvansHead",15.0832576945059,-0.0060518538159009,0.00609507326520031,67.4683881187007,"EH"
153.641469764837,"NorthSolitary",15.2237173758541,0.0801010379008993,0.0049783631668987,777.999128095936,"NS"
153.642011769607,"EvansHead",14.4010920727774,-0.00755132928160052,0.00729756903619716,74.3935196156165,"EH"
153.642683022147,"NorthSolitary",16.4764927128533,0.0661931872400991,0.00363346518259533,806.422316837659,"NS"
153.643601926118,"NorthSolitary",45.5100690989778,0.0607793003596981,0.00399004696440386,827.940645503059,"NS"
153.64463091122,"NorthSolitary",76.9257865716441,0.0422155476911996,0.00548179218189659,851.958181198898,"NS"
153.645567321799,"EvansHead",13.7988311050388,-0.00739906554969849,0.00995262679979447,90.2227841764124,"EH"
153.645764233296,"NorthSolitary",107.605228673134,-0.3280662936249,-0.0100402205732024,875.555541107651,"NS"
153.647058029272,"EvansHead",14.360778250033,-0.0210200105176988,0.0106628339931021,96.8562958942514,"EH"
153.647077716305,"NorthSolitary",106.536466055425,-0.399539594606601,-0.0140849013704951,894.653296642722,"NS"
153.647952334351,"NorthSolitary",74.3868387485694,0.0709691669686983,-0.00204632319849907,912.643125822961,"NS"
153.648688125493,"EvansHead",39.6891985292549,-0.101328429430797,0.00488980401679839,104.107981510837,"EH"
153.648945501327,"NorthSolitary",45.0028402588239,-0.0272919810631009,-0.00366881691349619,935.474665430939,"NS"
153.649734868752,"EvansHead",39.6982294561954,-0.108809944296702,0.00363983998989426,108.763396318668,"EH"
153.64997075398,"NorthSolitary",15.3618534806145,-0.0176911558107022,-0.00404041040820147,944.637473853035,"NS"
153.650723775964,"EvansHead",13.9981553879331,-0.0355404590196997,0.0114746661709972,113.160755507319,"EH"
153.651206790776,"NorthSolitary",15.7505756879672,-0.0245817212584001,-0.0257058244586048,951.194494865193,"NS"
153.652027288068,"NorthSolitary",44.9516344159901,-0.0354308681864026,0.0051695619544958,955.546405945895,"NS"
153.652391585633,"EvansHead",16.2143772129066,-0.0482567132701988,0.0107583354516052,120.575156632254,"EH"
153.652973842192,"NorthSolitary",76.056423087811,-0.116295185262999,-0.00358659608690459,960.973407633972,"NS"
153.654020627292,"EvansHead",40.541505642969,-0.1203744274714,0.00475961316899998,127.81500142483,"EH"
153.654207472673,"NorthSolitary",107.05378178963,-0.5052620224231,-0.0171403513862032,975.95812879531,"NS"
153.655188878226,"EvansHead",40.2494530369655,-0.121550317935899,0.00523167404060132,133.005638791758,"EH"
153.655605907432,"NorthSolitary",108.788494200147,-0.4612927766394,-0.0170941333583983,992.849810113753,"NS"
153.656279245906,"EvansHead",15.9489400905066,-0.0588376947249003,0.00920564948160063,137.849221454374,"EH"
153.656546299774,"NorthSolitary",74.0696837228533,0.0583081707523974,-0.00613763381790022,997.94940629361,"NS"
153.657450980885,"NorthSolitary",45.4493730188497,-0.0399018069334005,0.0064213939067983,1005.60677580329,"NS"
153.658187882786,"EvansHead",17.0243901130782,-0.0618767579381014,0.0133295246734022,149.327741118027,"EH"
153.658489795374,"NorthSolitary",15.3069133949245,-0.0216977137226984,0.00456988875389897,1020.467009562,"NS"
153.659602462988,"NorthSolitary",13.3253158918553,-0.0155890758053019,0.00664592581789947,1032.5870572378,"NS"
153.659609749457,"EvansHead",41.7760848499052,NA,NA,165.675734954548,"EH"
153.660041824287,"NorthSolitary",13.1026837052479,-0.0141953740178025,0.00656766700920031,1034.91443216123,"NS"
153.660782922572,"EvansHead",41.7633585279365,NA,NA,176.169519332261,"EH"
153.661881718583,"NorthSolitary",13.9117388376325,-0.0171030406922981,0.00706787019469601,1044.6587981027,"NS"
153.662065123223,"EvansHead",16.0015796646678,-0.0683515090097018,0.0157292261871973,181.987704050492,"EH"
153.662670288307,"NorthSolitary",46.3291454201889,-0.0657738479931993,0.0108087966687975,1048.96272322746,"NS"
153.663597808722,"NorthSolitary",74.5649064078388,-0.00622901917000007,-0.00580127569310207,1059.37687143478,"NS"
153.663838886883,"EvansHead",15.8498270796783,-0.076874922460501,0.0170450356538012,189.856516044744,"EH"
153.664809424224,"NorthSolitary",106.593541049638,-0.3580878319632,-0.00881161239760075,1076.34151275606,"NS"
153.665298716234,"EvansHead",40.7671919552742,-0.128169157401,0.0102430690274957,196.330686651965,"EH"
153.666224899285,"NorthSolitary",106.877697256107,-0.4027864660025,-0.00663624373999738,1086.30611618608,"NS"
153.666508229651,"EvansHead",43.8334787518213,-0.119112117727703,0.0166032167506032,206.986672161412,"EH"
153.66714438496,"NorthSolitary",75.1782786257679,-0.0461695572861984,-0.00508843855779872,1093.11160094302,"NS"
153.66779573539,"EvansHead",15.5647753140926,-0.117182909702802,0.0116784457423051,219.293595472913,"EH"
153.66815181741,"NorthSolitary",45.6618833225515,-0.0656954788311985,0.00995399996139668,1107.06076057291,"NS"
153.669173565661,"NorthSolitary",15.4338807725532,-0.0282322677216982,0.00977156768299636,1119.88353279685,"NS"
153.669623691505,"EvansHead",16.1698634340614,-0.128037494108401,0.0130801868368025,236.764204890855,"EH"
153.67029638245,"NorthSolitary",16.5073632839132,-0.0304907660081,0.0105901162562958,1126.28886096312,"NS"
153.671044180914,"EvansHead",40.05123720779,-0.0938674367274004,0.0109031136030993,250.338577904268,"EH"
153.671148821573,"NorthSolitary",44.96420905649,-0.0601619826620983,0.0114246979171,1102.49178470759,"NS"
153.672137408985,"NorthSolitary",75.2386020040348,0.0769289243858005,-0.00738698008080263,1010.49231380213,"NS"
153.672337884611,"EvansHead",43.7741534218613,-0.0548727040133983,0.0190903845651036,262.699931331181,"EH"
153.673179153829,"NorthSolitary",104.277876603981,-0.3328395661702,-0.0105339394660007,912.958633312012,"NS"
153.673869010035,"EvansHead",14.2169363041347,-0.157440773027201,0.011818768866199,277.328079048144,"EH"
153.674509741066,"NorthSolitary",105.635605592477,-0.398422868073101,-0.00972592158080232,786.934091769708,"NS"
153.675379467099,"NorthSolitary",76.208252831483,0.0392750194905993,-0.0033923701150016,704.536070799537,"NS"
153.675653700643,"EvansHead",16.7128581145203,-0.186722874871901,0.0127806078166017,294.37632572887,"EH"
153.676416397073,"NorthSolitary",45.7983358775735,-0.0599183912579022,0.0122302869906008,606.296963682682,"NS"
153.6772346497,"EvansHead",43.2481253300112,0.0244520126116967,0.0216057402113066,309.476150662747,"EH"
153.677466595838,"NorthSolitary",15.1274011178558,-0.045220894270301,0.0136868168319992,506.800594540819,"NS"
153.678681463833,"NorthSolitary",16.4697251776949,-0.0438432071739996,0.0135115627800957,391.703163154305,"NS"
153.678744019506,"EvansHead",45.9081770609054,0.0842902990290995,0.0266230235986029,323.890402161254,"EH"
153.679701629787,"NorthSolitary",46.1754375279199,-0.0681771423004989,0.0132736324259,295.051759771053,"NS"
153.680232039912,"EvansHead",15.5494983333365,-0.214037831031099,0.00921397259750023,338.098941268091,"EH"
153.680731415383,"NorthSolitary",75.5019462984248,-0.0178309866508997,0.00179376965709821,197.488820726591,"NS"
153.681821028385,"NorthSolitary",107.103769430377,-0.306511859952099,-0.00354788860870059,94.2575903799659,"NS"
153.682083885647,"EvansHead",17.5592535052787,-0.226233938542101,0.00924921719660432,355.778974122855,"EH"
153.683124534785,"NorthSolitary",106.290609009732,-0.355294568340902,-0.0010530878959969,29.2383969917123,"NS"
153.683658599689,"EvansHead",44.259256593952,0.137542789597301,0.0284073361021981,368.635115748723,"EH"
153.684018362591,"NorthSolitary",75.5620524760285,0.0353942935807012,0.000656723087701039,113.921018335419,"NS"
153.685071524474,"NorthSolitary",45.6703845135716,NA,NA,213.032033234323,"NS"
153.685306040356,"EvansHead",47.7039583049139,0.227401014096102,0.0357084916252006,373.32904540694,"EH"
153.686190634556,"NorthSolitary",15.3156376882341,NA,NA,317.286369316656,"NS"
153.686765797932,"EvansHead",15.944046568565,-0.225680038927301,0.00549804151680178,382.082599326117,"EH"
153.687432754014,"NorthSolitary",15.0745003666797,NA,NA,433.948214096844,"NS"
153.688376544034,"NorthSolitary",45.2561256473979,NA,NA,523.365127379748,"NS"
153.688508100582,"EvansHead",16.2128269760287,-0.2568519725234,0.00283128253489906,398.707390011728,"EH"
153.689426660365,"NorthSolitary",75.9978875765844,NA,NA,622.85581050358,"NS"
153.690408757573,"EvansHead",45.8913677437341,0.225099978133699,0.0250657835042034,416.707222057825,"EH"
153.690649041475,"NorthSolitary",106.188478732283,NA,NA,738.667511480939,"NS"
153.691372543784,"CapeByron",16.2427687514591,NA,NA,40816.8640527991,"CB"
153.692093145389,"NorthSolitary",106.066315153937,NA,NA,875.486132565555,"NS"
153.692152658989,"EvansHead",47.081017464507,0.261633173041599,0.0276208504913953,426.115018905885,"EH"
153.692888577843,"CapeByron",40.916685791371,NA,NA,40843.3701522146,"CB"
153.693004639094,"NorthSolitary",75.1135295612016,NA,NA,961.843875526593,"NS"
153.693572898485,"EvansHead",15.0405956778676,-0.264225441479102,0.000921004089200039,429.05660223384,"EH"
153.694017394976,"NorthSolitary",45.6133190801841,NA,NA,1057.79566193972,"NS"
153.694168090923,"CapeByron",42.4523426767168,NA,NA,40868.2152836477,"CB"
153.695062382735,"NorthSolitary",15.1843218789636,NA,NA,1156.80136814936,"NS"
153.695172316389,"EvansHead",16.3422923829925,-0.257150820581298,0.00288516418400064,431.806404499025,"EH"
153.695625623044,"CapeByron",14.3951543418298,NA,NA,40889.6211917375,"CB"
153.696296481514,"NorthSolitary",17.6160233579921,NA,NA,1273.72431716173,"NS"
153.696843838579,"EvansHead",45.4914586407533,0.324024008864601,0.0304848615202005,434.957720492526,"EH"
153.697212224769,"NorthSolitary",45.0819327705109,NA,NA,1360.48527573033,"NS"
153.697236223068,"CapeByron",15.6596292718503,NA,NA,40912.438760668,"CB"
153.698304259545,"NorthSolitary",75.8294737959789,NA,NA,1463.94892357813,"NS"
153.698796470469,"CapeByron",40.8370270086119,NA,NA,40935.231845808,"CB"
153.699106343481,"EvansHead",48.2965674027447,0.363069289504001,0.033592318653497,428.157462506233,"EH"
153.69953935561,"NorthSolitary",107.541840480001,NA,NA,1580.96698319734,"NS"
153.700183282334,"CapeByron",44.9985154381951,NA,NA,40955.8823297353,"CB"
153.700471842216,"EvansHead",16.4988145018905,-0.134506805736901,0.00691666531560031,418.746247976549,"EH"
153.700834420493,"NorthSolitary",106.43241253908,NA,NA,1703.66698839423,"NS"
153.701663017409,"CapeByron",13.4311809203782,NA,NA,40978.3131771631,"CB"
153.701784612026,"NorthSolitary",75.3185668821323,NA,NA,1793.69237834958,"NS"
153.702161598284,"EvansHead",16.4209578027907,-0.1588326691184,0.00711606616440008,397.330842743862,"EH"
153.70280658777,"NorthSolitary",45.5853431561072,NA,NA,1890.51908161109,"NS"
153.703231811575,"CapeByron",15.8186763021917,NA,NA,41002.6371624913,"CB"
153.703756818907,"EvansHead",45.0391734454244,0.286804490032303,0.0274379732715957,376.80302845878,"EH"
153.703858749205,"NorthSolitary",15.0267270765089,NA,NA,1990.20588701217,"NS"
153.704878489085,"CapeByron",41.7547610356652,NA,NA,41027.3853843135,"CB"
153.705032707527,"NorthSolitary",14.3968831022987,NA,NA,2101.43251507243,"NS"
153.705936784839,"NorthSolitary",44.3480994060328,NA,NA,2187.08942479869,"NS"
153.706180254576,"CapeByron",43.0911468742418,NA,NA,41040.5953019807,"CB"
153.706680806418,"EvansHead",44.380733377727,0.2935768996619,0.0256987155788053,356.174729960386,"EH"
153.706887652232,"NorthSolitary",73.5384586547602,NA,NA,2277.22482357608,"NS"
153.707536138843,"CapeByron",15.6898963780837,NA,NA,41053.5391545545,"CB"
153.708005015075,"EvansHead",13.3330255228849,-0.146425192315,-0.0018395650935048,346.737395628693,"EH"
153.708087492615,"NorthSolitary",105.843229339992,NA,NA,2392.44719663316,"NS"
153.709047447142,"CapeByron",14.4553334949408,NA,NA,41067.9852254266,"CB"
153.709383271985,"NorthSolitary",107.879512648705,NA,NA,2516.98356206459,"NS"
153.709548187367,"EvansHead",15.3850005886291,-0.170929224013499,0.00503747410019884,327.389024157535,"EH"
153.710184885832,"CapeByron",17.0766520322597,NA,NA,41078.8563673173,"CB"
153.710424406579,"NorthSolitary",74.984161931449,NA,NA,2615.72654068525,"NS"
153.711299896365,"EvansHead",44.7149837111239,0.259954113053301,0.0215679951464978,309.884406594568,"EH"
153.711412246687,"NorthSolitary",45.6780442456063,NA,NA,2709.32024403577,"NS"
153.712313333354,"CapeByron",15.2703134993611,NA,NA,41098.5374371463,"CB"
153.712461259268,"NorthSolitary",15.1935598046848,NA,NA,2808.70994850404,"NS"
153.713672269537,"NorthSolitary",15.6313865015319,NA,NA,2923.44848934663,"NS"
153.713944244373,"CapeByron",42.442303825318,NA,NA,41105.357423561,"CB"
153.714159965489,"EvansHead",46.0681437619868,0.252361519924001,0.0197557308854996,310.726646987252,"EH"
153.714548313551,"NorthSolitary",44.8515252667161,NA,NA,3006.45041617066,"NS"
153.715329501998,"EvansHead",16.4738432830197,-0.186896781411601,0.00269150053900091,311.57390764889,"EH"
153.715414428786,"CapeByron",46.5302761075563,NA,NA,41106.0293578599,"CB"
153.715534057466,"NorthSolitary",73.6125499370855,NA,NA,3099.84614678281,"NS"
153.716813086925,"NorthSolitary",105.896363770096,NA,NA,3221.02986289249,"NS"
153.71690546688,"CapeByron",15.4246082758249,NA,NA,41098.9589741509,"CB"
153.717169189351,"EvansHead",18.0067260097919,-0.2343776179376,0.00438434744260263,323.353552861019,"EH"
153.718251461831,"NorthSolitary",105.834138962767,NA,NA,3357.31132430814,"NS"
153.718438212204,"CapeByron",15.2960861121135,NA,NA,41096.726167177,"CB"
153.718827566556,"EvansHead",45.7851760731322,0.221922828096801,0.0174256536954971,331.484812056242,"EH"
153.71919508644,"NorthSolitary",75.0654863382149,NA,NA,3446.71693977141,"NS"
153.720211259148,"NorthSolitary",45.4254190056067,NA,NA,3542.99642442984,"NS"
153.720221201557,"CapeByron",44.7060713338233,NA,NA,41091.0776741713,"CB"
153.721268001226,"NorthSolitary",15.1449475257684,NA,NA,3643.11991383157,"NS"
153.721795657237,"CapeByron",46.5187948107658,NA,NA,41069.9265531876,"CB"
153.721826171882,"EvansHead",45.0065559923217,0.148705756688198,0.0125991460018042,341.057477964737,"EH"
153.722576656573,"NorthSolitary",15.0738016043835,NA,NA,3767.11175279071,"NS"
153.723031605852,"EvansHead",16.1556932152496,-0.2695348605262,-0.00203275106269984,350.597165555226,"EH"
153.723307486458,"CapeByron",14.8725079418923,NA,NA,41053.5835568409,"CB"
153.723545748073,"NorthSolitary",44.9370085526677,NA,NA,3858.93093229779,"NS"
153.724489119895,"NorthSolitary",73.242281654296,NA,NA,3948.31337365544,"NS"
153.724775485051,"EvansHead",16.4121207267997,-0.253441493961802,0.00114735807920141,353.295701691191,"EH"
153.725100386445,"CapeByron",15.0854779470838,NA,NA,41041.9528737745,"CB"
153.72569978352,"NorthSolitary",105.031716343039,NA,NA,4063.50148967272,"NS"
153.726433817415,"EvansHead",45.5800258266237,0.148564777223498,0.0116576183493962,359.847519681897,"EH"
153.727237647917,"NorthSolitary",106.770378463155,NA,NA,4211.47448004063,"NS"
153.727306832863,"CapeByron",47.5809368042603,NA,NA,41016.1358605701,"CB"
153.728197407447,"NorthSolitary",75.6408274684889,NA,NA,4303.07637251084,"NS"
153.729155222602,"CapeByron",45.935069023376,NA,NA,40997.7103977615,"CB"
153.72925041083,"NorthSolitary",44.86464708362,NA,NA,4402.85024967657,"NS"
153.729457600961,"EvansHead",44.630554004412,0.0351754362850976,0.00646871526080162,374.12512375616,"EH"
153.730287041189,"NorthSolitary",15.3087151768381,NA,NA,4501.06949793817,"NS"
153.730602840294,"CapeByron",14.0910032737025,NA,NA,40987.8061733313,"CB"
153.730719248547,"EvansHead",15.3314246378166,-0.159556716471599,0.000365914750098284,374.757345400524,"EH"
153.731441539326,"NorthSolitary",13.2970020753865,NA,NA,4610.49867534966,"NS"
153.732258155301,"CapeByron",15.1871946584195,NA,NA,40976.9762489679,"CB"
153.73239879615,"NorthSolitary",44.8343792604501,NA,NA,4702.3927241708,"NS"
153.732439110454,"EvansHead",15.9276723500599,-0.206818586729398,0.000611968995499979,375.898329571435,"EH"
153.733366582973,"NorthSolitary",74.0532161025589,NA,NA,4795.74195118284,"NS"
153.734160105296,"EvansHead",45.6627613042951,-0.0286955111660028,0.00454835424439892,399.064820833874,"EH"
153.734286138224,"CapeByron",46.8324449475793,NA,NA,40963.4373689055,"CB"
153.734487340459,"NorthSolitary",104.363333239782,NA,NA,4903.86129322442,"NS"
153.735882581367,"NorthSolitary",108.120903939696,NA,NA,5038.46333289869,"NS"
153.736098311355,"CapeByron",47.4324748439818,NA,NA,40951.2751074775,"CB"
153.737179756255,"EvansHead",44.5847051866691,-0.074184007139003,0.00308107013500347,443.559349442734,"EH"
153.737601643854,"CapeByron",14.0197764748827,NA,NA,40941.7196056697,"CB"
153.738360405074,"EvansHead",15.5438927425851,-0.091907337778899,0.00492477271519931,463.715940888013,"EH"
153.739473025035,"CapeByron",16.2741166604223,NA,NA,40939.0530075465,"CB"
153.740204005231,"EvansHead",17.7061012121359,-0.116460466865998,0.00882719231499607,503.762216541469,"EH"
153.741509119581,"CapeByron",47.4438836732552,NA,NA,40942.9422410324,"CB"
153.74179712927,"EvansHead",45.6050209918637,-0.0550717367063989,0.00560944878710501,529.84159502257,"EH"
153.743710732488,"CapeByron",45.8298860059835,NA,NA,40948.2309214711,"CB"
153.745096079619,"CapeByron",13.5016971892948,NA,NA,40952.1355661588,"CB"
153.745183416701,"EvansHead",45.2720026868678,-0.103464076519199,0.00172152990929675,579.717020729876,"EH"
153.746393585274,"EvansHead",15.4454355371624,-0.124441543979401,0.00533974202370047,597.538899139696,"EH"
153.746733093369,"CapeByron",14.3709076301985,NA,NA,40957.3236223508,"CB"
153.747677612241,"EvansHead",15.9932847220137,-0.130842912278101,0.00813222198740249,616.447168852037,"EH"
153.748665008634,"CapeByron",45.8416199789202,NA,NA,40964.2459961587,"CB"
153.748757362331,"EvansHead",44.9343147139495,-0.0840101059873994,0.00313238028009977,632.346267232534,"EH"
153.749710655679,"EvansHead",69.1673683849431,-0.0507851756541022,0.00466799228060211,646.382574654045,"EH"
153.750357065903,"EvansHead",70.4287672799185,-0.1347122304736,-0.000180701926403515,657.454085513791,"EH"
153.751241811237,"EvansHead",44.0437371967884,0.0130052395880007,0.00456040888879983,676.852270000978,"EH"
153.751327922995,"CapeByron",45.5640152902027,NA,NA,40976.4945306993,"CB"
153.752324770225,"EvansHead",15.5013892619899,-0.111466854216598,0.00743120224620242,700.641444950451,"EH"
153.752724711236,"CapeByron",13.7780850340276,NA,NA,40991.9134116584,"CB"
153.753643035974,"EvansHead",14.986543787487,-0.1100112339027,0.00909923454310047,722.744760350395,"EH"
153.754411801101,"CapeByron",14.3468111585827,NA,NA,41008.0374755732,"CB"
153.7547325134,"EvansHead",45.0669837003857,0.0305467428153996,0.0089542193470038,738.781820548362,"EH"
153.756420793079,"CapeByron",45.5889689179734,NA,NA,41019.1833864959,"CB"
153.757367580504,"EvansHead",44.6876148686011,0.0406438536255003,0.00479959839219646,777.565896061452,"EH"
153.758437983156,"EvansHead",15.2880605146558,-0.0981578249250994,0.00893303794160261,793.318936617554,"EH"
153.759165623542,"CapeByron",45.45381957723,NA,NA,41035.4266958251,"CB"
153.759787224506,"EvansHead",14.5744019470228,-0.0899953418339017,0.0111038386156963,814.002498765535,"EH"
153.760615984509,"CapeByron",13.9445000833253,NA,NA,41044.712105034,"CB"
153.760896682628,"EvansHead",45.0805404074227,0.0685696351338976,0.00922760439470238,837.869126543454,"EH"
153.761900006126,"EvansHead",69.0838048901193,0.0367391717832,0.00890440657260427,860.317197790657,"EH"
153.762469446881,"CapeByron",15.311010752389,NA,NA,41057.2845510445,"CB"
153.762724349736,"EvansHead",69.4816686667837,0.224453005336297,0.00973731022410362,874.646939027231,"EH"
153.763694000299,"EvansHead",44.7972646768012,0.0594150474701998,0.00743897668019855,888.918002381059,"EH"
153.764410425639,"CapeByron",46.0634193523053,NA,NA,41073.368460175,"CB"
153.764784500415,"EvansHead",15.1994093107595,-0.142456102921102,0.010116713320798,904.961215257303,"EH"
153.766083622691,"EvansHead",15.0676971103112,-0.143619576754897,0.0118547781999965,924.072370165674,"EH"
153.766142273018,"CapeByron",71.0590955960847,NA,NA,41097.8573223279,"CB"
153.767144203061,"EvansHead",44.6465464520509,0.0159516846999992,0.00942584062610052,939.673356767354,"EH"
153.767414347376,"CapeByron",72.9774201404704,NA,NA,41113.1050803426,"CB"
153.76837361648,"CapeByron",42.01974756325,NA,NA,41121.0132982589,"CB"
153.769562276072,"CapeByron",13.6081996785449,NA,NA,41133.4138617651,"CB"
153.769828987139,"EvansHead",44.5397977964519,0.00789984041649916,0.00668682632569784,947.533546022795,"EH"
153.770840644922,"EvansHead",15.4240324080504,-0.155497827788999,0.00667887231880115,941.610473045563,"EH"
153.771211718763,"CapeByron",14.4674935618111,NA,NA,41159.3730202928,"CB"
153.772093762453,"EvansHead",14.7891238136153,-0.0969326738321996,0.00969601139350118,937.678915986876,"EH"
153.772959073435,"CapeByron",46.5600795037236,NA,NA,41180.3202787183,"CB"
153.773194694485,"EvansHead",44.6481151555282,-0.00181972545490083,0.00627017305620114,939.890276801896,"EH"
153.774265088411,"EvansHead",72.1406684521751,0.0908053802743005,0.00866881645480078,939.819638096844,"EH"
153.77446020362,"CapeByron",72.5485001253033,NA,NA,41194.6873068141,"CB"
153.77532501216,"EvansHead",43.6232529439934,-0.0193076020618008,0.000951405858600651,933.663198371538,"EH"
153.775510851571,"CapeByron",72.8342934847833,NA,NA,41205.0493467265,"CB"
153.776267369534,"CapeByron",42.373325313096,NA,NA,41212.6666906804,"CB"
153.776365852375,"EvansHead",16.3966092595598,-0.134181507623701,0.00391857343669955,929.231398761303,"EH"
153.777472940975,"CapeByron",14.2436719210464,NA,NA,41225.0755346514,"CB"
153.777844429124,"EvansHead",15.6469426732852,-0.113367970317501,0.00688469439399597,930.718092930327,"EH"
153.778956198818,"EvansHead",44.9280720532705,-0.0407524205259016,0.0027775315816001,930.536114268877,"EH"
153.779061399356,"CapeByron",13.7744984160891,NA,NA,41242.0268975628,"CB"
153.780235290524,"EvansHead",76.1509880397272,NA,NA,924.057619240337,"EH"
153.780528513659,"CapeByron",47.57988748185,NA,NA,41264.3573645212,"CB"
153.781583914869,"EvansHead",79.3888285275717,NA,NA,916.596343452019,"EH"
153.781863149146,"CapeByron",72.926095714336,NA,NA,41288.8313061547,"CB"
153.782770284116,"CapeByron",75.1089430275229,NA,NA,41301.866271517,"CB"
153.782806905113,"EvansHead",44.854361643103,-0.0583059158013022,-0.00618790343549591,909.373322101764,"EH"
153.783333333368,"CapeByron",42.7562364388816,NA,NA,41308.4511692973,"CB"
153.783859279897,"EvansHead",14.7378710064295,-0.123994070235501,0.00184062808430241,906.186000478748,"EH"
153.785192116437,"EvansHead",14.7298816360095,-0.126929280163402,0.00219112658160014,908.770670437888,"EH"
153.785335654197,"CapeByron",13.4089797541566,NA,NA,41332.4510477379,"CB"
153.786353669308,"EvansHead",44.9632003050843,-0.0885934532737025,-0.00756673876610137,908.063564589957,"EH"
153.78703753951,"CapeByron",16.1488613575504,NA,NA,41353.564024809,"CB"
153.78774651563,"EvansHead",75.9092809246609,NA,NA,900.065665372291,"EH"
153.788356018174,"CapeByron",45.6461090292558,NA,NA,41370.3710300753,"CB"
153.789484312438,"CapeByron",71.509488225499,NA,NA,41385.0655635182,"CB"
153.790277645763,"EvansHead",76.2448072100426,NA,NA,900.210396876621,"EH"
153.790399775659,"CapeByron",71.0872456323969,NA,NA,41397.1993881571,"CB"
153.791505177845,"CapeByron",45.9553351947506,NA,NA,41412.1025495173,"CB"
153.791603088356,"EvansHead",45.5477218426347,-0.0819011416647974,-0.00482401947270006,896.206342618966,"EH"
153.792798109421,"CapeByron",15.3172777359818,NA,NA,41427.3762825169,"CB"
153.792912468423,"EvansHead",15.1805396895892,-0.1501984630134,-0.00613942606940299,889.654298915628,"EH"
153.794496417571,"CapeByron",14.5376044650473,NA,NA,41439.2009270342,"CB"
153.794664797434,"EvansHead",18.1190290483812,-0.153396404861699,0.0050641320373046,890.880121997426,"EH"
153.795732514758,"CapeByron",45.0888340820944,NA,NA,41448.2852103595,"CB"
153.79620095838,"EvansHead",45.581832567616,-0.121717157920898,-0.007192285527303,888.708759359048,"EH"
153.797177353987,"CapeByron",77.6699057346768,NA,NA,41459.6773759817,"CB"
153.798008922845,"EvansHead",75.8741737225824,0.429671771013901,0.00814882564790054,880.614709002617,"EH"
153.798627726098,"CapeByron",75.5394471195083,NA,NA,41477.4933239237,"CB"
153.799661462048,"EvansHead",102.758087903949,NA,NA,880.495291734391,"EH"
153.79998763786,"CapeByron",44.3346952750133,NA,NA,41497.0023031474,"CB"
153.800642001413,"EvansHead",104.420537379154,NA,NA,878.499678909124,"EH"
153.801288223281,"CapeByron",15.0753829921871,NA,NA,41509.0093886428,"CB"
153.801408767612,"EvansHead",42.9554753601059,-0.106784963915402,0.000935414229900289,872.768542144188,"EH"
153.802405291061,"EvansHead",14.7744021011671,-0.191945702213999,-0.00430879540969897,865.830314755793,"EH"
153.803179787593,"CapeByron",18.2381641977798,NA,NA,41523.7137755353,"CB"
153.804176012745,"EvansHead",17.1574452008395,-0.161624024568802,0.00275367754279898,863.842046379473,"EH"
153.804316965678,"CapeByron",46.2773890155682,NA,NA,41521.3118962763,"CB"
153.805651601012,"CapeByron",78.3570867370201,NA,NA,41514.7421018819,"CB"
153.805827924863,"EvansHead",45.7296396455903,-0.124921781692699,0.00184885254640221,859.454933334432,"EH"
153.807424163773,"CapeByron",74.7430729243027,NA,NA,41515.0542756182,"CB"
153.8075507723,"EvansHead",74.6098650308142,0.333459401332199,-0.0140805858400981,847.417941159552,"EH"
153.808696238228,"CapeByron",44.4577958255255,NA,NA,41515.5466047599,"CB"
153.809508676508,"EvansHead",106.183271543479,NA,NA,833.620420707728,"EH"
153.809938338864,"CapeByron",14.9770886408761,NA,NA,41516.0260420995,"CB"
153.811655792688,"CapeByron",14.903118105674,NA,NA,41516.686858883,"CB"
153.811689323329,"EvansHead",107.108738308598,NA,NA,829.583830605435,"EH"
153.812867306314,"EvansHead",76.7106647599293,0.262784754542999,-0.0192661324204977,826.279374081873,"EH"
153.813003633701,"CapeByron",45.7114540207791,NA,NA,41517.2037532066,"CB"
153.814234733541,"EvansHead",46.2955485267579,-0.1553630938837,0.00165690711740041,817.393842192149,"EH"
153.814317335383,"CapeByron",77.0237078938641,NA,NA,41517.7061094927,"CB"
153.815368925332,"CapeByron",98.746410104813,NA,NA,41518.1072064044,"CB"
153.815636634747,"EvansHead",15.3700563457176,-0.2280749442588,-0.0172009336516012,808.17798782089,"EH"
153.816155387308,"CapeByron",99.9077114144696,NA,NA,41518.4065808007,"CB"
153.817154312239,"CapeByron",72.3064786084717,NA,NA,41518.7860937583,"CB"
153.817499854046,"EvansHead",15.9013931851694,-0.266083084640798,-0.0185377432174008,795.971143858481,"EH"
153.818376044691,"CapeByron",44.2741039285665,NA,NA,41519.2491342235,"CB"
153.81955432745,"EvansHead",45.5055998132805,-0.163692255015398,0.00705338654339727,783.789437657405,"EH"
153.819610341392,"CapeByron",15.1413566226688,NA,NA,41519.7156831185,"CB"
153.821267783161,"CapeByron",13.8101787927297,NA,NA,41520.3401939393,"CB"
153.821631364914,"EvansHead",76.2119943308605,0.0981895851593997,-0.0303135273431963,771.022784263079,"EH"
153.822477722157,"CapeByron",44.9464879549917,NA,NA,41520.7946549391,"CB"
153.823773580072,"CapeByron",76.435170149726,NA,NA,41521.2800448956,"CB"
153.823929439613,"EvansHead",107.635347769538,NA,NA,760.826767555307,"EH"
153.825095451169,"CapeByron",102.909081943733,NA,NA,41521.7737479154,"CB"
153.826184600669,"CapeByron",104.782790643696,NA,NA,41522.1794465554,"CB"
153.827226003043,"CapeByron",73.030626877975,NA,NA,41522.5664422665,"CB"
153.827433013848,"EvansHead",102.726291222762,NA,NA,761.405524021861,"EH"
153.828463065768,"CapeByron",44.8392605791092,NA,NA,41523.0249820507,"CB"
153.828750165679,"EvansHead",74.5968116704381,-0.0707388418813011,-0.0551490785555018,761.891759770552,"EH"
153.829632377621,"CapeByron",15.6099956166559,NA,NA,41523.4572453399,"CB"
153.830061912387,"EvansHead",45.0685198615627,-0.1490399494058,0.0131605317587002,762.374577662872,"EH"
153.831216394299,"CapeByron",14.1221292946895,NA,NA,41523.7162933035,"CB"
153.831544043617,"EvansHead",13.6799420468548,-0.231375366294998,-0.0120952319341043,760.807081034819,"EH"
153.832598099106,"CapeByron",45.6630593849281,NA,NA,41523.26280546,"CB"
153.833140945471,"EvansHead",15.2808178488383,-0.2229522726388,-0.0109271156312971,750.962565960465,"EH"
153.833921350102,"CapeByron",76.4713726854423,NA,NA,41522.8270225672,"CB"
153.834621461295,"EvansHead",45.712256721488,-0.129269502814598,0.0172323111913002,745.337718323077,"EH"
153.835560401301,"CapeByron",109.035486969859,NA,NA,41522.2852306059,"CB"
153.835993130922,"EvansHead",76.978537862779,-0.133485642095799,-0.0503477419330025,753.760407085158,"EH"
153.836988789892,"CapeByron",107.294837013518,NA,NA,41521.8112618936,"CB"
153.83774584115,"EvansHead",107.993523148599,0.503417178468801,0.0306881085011028,760.100683023584,"EH"
153.838232977418,"CapeByron",76.8059664930129,NA,NA,41520.486716959,"CB"
153.839457032554,"EvansHead",108.288350376109,0.494974065066099,0.0274680707637955,759.695472200296,"EH"
153.839521789515,"CapeByron",46.363856631932,NA,NA,41512.0914758115,"CB"
153.840674082456,"EvansHead",76.1921711772544,-0.1295980717573,-0.0530113744319038,759.289254511447,"EH"
153.84085737387,"CapeByron",15.5863927750848,NA,NA,41503.0231172136,"CB"
153.842018604861,"EvansHead",46.1915368703022,-0.1019577921289,0.0158845315272984,758.839070853766,"EH"
153.842704772867,"CapeByron",18.6916379865699,NA,NA,41501.2132008335,"CB"
153.843315887472,"EvansHead",15.6415093210701,-0.0953046835204034,0.00713988414170075,758.40329155033,"EH"
153.843856222577,"CapeByron",45.8900370405538,NA,NA,41500.8244559644,"CB"
153.844771076544,"EvansHead",15.3670005293889,-0.0768489559096999,0.0109999511991035,757.912819400139,"EH"
153.845112691827,"CapeByron",77.0730563475461,NA,NA,41500.3990041057,"CB"
153.845695495549,"EvansHead",45.2158834111731,-0.0973429850184999,0.0175489569461007,757.600336869311,"EH"
153.846618722164,"EvansHead",75.4913568205982,-0.137958265092298,-0.052467461600898,756.430486250539,"EH"
153.846766793723,"CapeByron",109.034693303414,NA,NA,41494.0152528417,"CB"
153.847680442932,"EvansHead",105.685785693102,-0.00687273360660257,0.018660085252705,747.429911482526,"EH"
153.848205256948,"CapeByron",109.244107807397,NA,NA,41483.171265395,"CB"
153.849072052788,"EvansHead",106.057394364716,0.00606127951279944,0.0146938074875962,737.769776833003,"EH"
153.849308776754,"CapeByron",75.2921898480332,NA,NA,41480.4965433614,"CB"
153.849820649315,"EvansHead",75.4968649113722,-0.119084680138098,-0.0503506800300002,737.512460869612,"EH"
153.850561046571,"CapeByron",45.817006330165,NA,NA,41479.9500919562,"CB"
153.850742297498,"EvansHead",44.296693891142,-0.0471944212222972,0.0227283119537987,733.007021817971,"EH"
153.851672790474,"EvansHead",15.829305822668,-0.0354726384382005,0.0170101338969033,723.40722612447,"EH"
153.851910273285,"CapeByron",15.597063469075,NA,NA,41473.2186098434,"CB"
153.852845064862,"EvansHead",16.5442228906041,-0.0314548837543001,0.0214779441532045,702.985637622376,"EH"
153.853545740861,"EvansHead",45.0320210733171,-0.027380664052,0.0289376316857002,687.107430719181,"EH"
153.853550307084,"CapeByron",12.9781780721648,NA,NA,41461.8695900093,"CB"
153.854362487867,"EvansHead",73.0098510987535,-0.0912179806550988,-0.025936282477403,669.6405257402,"EH"
153.854804738384,"CapeByron",44.7595359623951,NA,NA,41459.9166603488,"CB"
153.855155944538,"EvansHead",74.7577719029579,-0.0538078517929996,-0.0195734290603014,653.264901164451,"EH"
153.855999208184,"EvansHead",47.1323984494621,-0.00839125989249823,0.0288481675435008,638.966264983932,"EH"
153.856102552936,"CapeByron",76.3055946959685,NA,NA,41459.4654377061,"CB"
153.856893730175,"EvansHead",15.4950106951253,0.0134405251363994,0.0207674115767986,628.649007971751,"EH"
153.857825565658,"CapeByron",107.68351223229,NA,NA,41458.8034496179,"CB"
153.85794709531,"EvansHead",16.3609835468964,0.0117304469250996,0.0232163401237031,609.671363592728,"EH"
153.858777219766,"EvansHead",45.7530392571725,-0.0115740293047004,0.030766131387594,591.134549018052,"EH"
153.859395510981,"CapeByron",108.91200828707,NA,NA,41454.1684717528,"CB"
153.859652319749,"EvansHead",73.6296731647677,0.0135107381083976,0.015359130854101,579.107049377613,"EH"
153.860476509246,"EvansHead",72.6646594630738,0.0103692680554026,0.0145567032409986,570.554449800423,"EH"
153.860486898169,"CapeByron",75.1492516595156,NA,NA,41445.7063744984,"CB"
153.861283333283,"EvansHead",46.4124877857373,-0.015013487809501,0.0303993883060016,556.74243832907,"EH"
153.861724481333,"CapeByron",45.7330121085407,NA,NA,41439.1875892449,"CB"
153.862185775405,"EvansHead",14.7289235321969,0.0184965120669993,0.021359710099297,536.469476047975,"EH"
153.86301727294,"CapeByron",15.4326376592408,NA,NA,41438.5656958056,"CB"
153.863182067858,"EvansHead",13.7709005092512,0.0416353589635996,0.0229346210168018,521.979042350372,"EH"
153.864098726801,"EvansHead",42.2771796418762,-0.0267875114836009,0.0298953735832015,512.215417170035,"EH"
153.864564924464,"CapeByron",13.1387232414209,NA,NA,41432.9339175222,"CB"
153.864898526173,"EvansHead",43.9688911888981,-0.0260824950776026,0.0301858848692973,498.295269439249,"EH"
153.865831209166,"EvansHead",15.8155824616824,0.0364456886304012,0.0220230950505993,479.18888663889,"EH"
153.865955239022,"CapeByron",45.1010946817777,NA,NA,41423.0127679358,"CB"
153.86695098879,"EvansHead",14.8716239342055,0.0497190396127998,0.0232034091308009,464.824774864185,"EH"
153.867257752018,"CapeByron",76.3002547915997,NA,NA,41424.7387278391,"CB"
153.868908964955,"CapeByron",106.860898343539,NA,NA,41435.8868960003,"CB"
153.870565520181,"CapeByron",108.019489598846,NA,NA,41439.3862999248,"CB"
153.871684257893,"CapeByron",74.6434108438707,NA,NA,41440.5508200891,"CB"
153.872896448777,"CapeByron",46.0691486113585,NA,NA,41442.1368466166,"CB"
153.874182544302,"CapeByron",15.4592264986267,NA,NA,41445.46051282,"CB"
153.875766499743,"CapeByron",14.5915756059445,NA,NA,41459.0865031857,"CB"
153.877043543392,"CapeByron",45.6946211526077,NA,NA,41468.3544161251,"CB"
153.878382166822,"CapeByron",77.6126798599908,NA,NA,41471.9263483797,"CB"
153.880055302054,"CapeByron",108.244432361642,NA,NA,41476.1541077479,"CB"
153.881569401518,"CapeByron",108.908045467825,NA,NA,41479.9780130751,"CB"
153.882638793355,"CapeByron",75.8207602863179,NA,NA,41482.677653626,"CB"
153.883890024709,"CapeByron",46.2944753082667,NA,NA,41485.932397431,"CB"
153.88520380645,"CapeByron",15.6499988737083,NA,NA,41495.6086880462,"CB"
153.886765602918,"CapeByron",13.8871918546087,NA,NA,41510.3893846529,"CB"
153.888001505588,"CapeByron",45.1942260532269,NA,NA,41514.8797596876,"CB"
153.889263451484,"CapeByron",76.182968087554,NA,NA,41518.0586904176,"CB"
153.890819292243,"CapeByron",107.632497069831,NA,NA,41521.9761510641,"CB"
153.892426375641,"CapeByron",106.763450714226,NA,NA,41526.0205348234,"CB"
153.893467454458,"CapeByron",76.1413212043679,NA,NA,41528.6393726501,"CB"
153.89473953251,"CapeByron",46.1132468752828,NA,NA,41535.0010461195,"CB"
153.896053314325,"CapeByron",15.4024342196198,NA,NA,41547.8356061638,"CB"
153.897732035383,"CapeByron",16.2581370136054,NA,NA,41557.8237681532,"CB"
153.898847707066,"CapeByron",45.1030306011492,NA,NA,41560.7010728197,"CB"
153.90011978143,"CapeByron",77.0346329936832,NA,NA,41569.6553731993,"CB"
153.901523300385,"CapeByron",105.471141393531,NA,NA,41583.0288624396,"CB"
153.903158710298,"CapeByron",106.219567320298,NA,NA,41590.1194278025,"CB"
153.904150131546,"CapeByron",76.234193659346,NA,NA,41593.6346857606,"CB"
153.905472437603,"CapeByron",46.3227528425186,NA,NA,41604.9971114783,"CB"
153.906872280889,"CapeByron",15.5693793528024,NA,NA,41616.8264810907,"CB"
153.908435567237,"CapeByron",14.8027010491296,NA,NA,41622.1345607355,"CB"
153.909686787948,"CapeByron",45.3592446847256,NA,NA,41628.7725035492,"CB"
153.910991340123,"CapeByron",76.617034622789,NA,NA,41642.5109510041,"CB"
153.912320941003,"CapeByron",105.669139310691,NA,NA,41657.1820374706,"CB"
153.914059357345,"CapeByron",104.725669984688,NA,NA,41676.9568624874,"CB"
153.91511917114,"CapeByron",77.0015349253146,NA,NA,41683.6810051243,"CB"
153.916413069391,"CapeByron",46.260207898138,NA,NA,41689.5817562832,"CB"
153.917768859866,"CapeByron",16.0212183059857,NA,NA,41696.173607361,"CB"
153.919375229128,"CapeByron",13.475555699387,NA,NA,41704.5250701032,"CB"
153.920672865113,"CapeByron",44.7213055848979,NA,NA,41711.6998905203,"CB"
153.921983750299,"CapeByron",76.4243653683337,NA,NA,41719.3365376241,"CB"
153.923489126494,"CapeByron",106.470550285425,NA,NA,41728.5891887988,"CB"
153.925316575579,"CapeByron",104.310645199194,NA,NA,41745.2925764603,"CB"
153.926337378436,"CapeByron",75.9516213405374,NA,NA,41759.7947030378,"CB"
153.927595736076,"CapeByron",46.1947331520751,NA,NA,41774.7318502123,"CB"
153.928900662233,"CapeByron",15.7819523533287,NA,NA,41784.5066158602,"CB"
153.930489105431,"CapeByron",13.7394817605266,NA,NA,41796.7685021485,"CB"
153.931818452959,"CapeByron",45.6463201015679,NA,NA,41807.4688022179,"CB"
153.933193274679,"CapeByron",77.0906118078149,NA,NA,41818.9550751468,"CB"
153.934624566921,"CapeByron",105.728349434058,NA,NA,41831.8013740068,"CB"
153.938139902865,"CapeByron",101.496729642641,NA,NA,41882.1837683809,"CB"
153.939313570803,"CapeByron",75.033429802429,NA,NA,41893.6380906234,"CB"
153.94067096724,"CapeByron",44.7453682060372,NA,NA,41910.8243515311,"CB"
153.941989024481,"CapeByron",15.9643896626663,NA,NA,41933.539802364,"CB"
153.943627538698,"CapeByron",13.7958471537336,NA,NA,41956.9370849958,"CB"
153.944841428151,"CapeByron",45.0299562840589,NA,NA,41970.2697194133,"CB"
153.946142338377,"CapeByron",76.3307733700897,NA,NA,41984.9240373346,"CB"
153.947593533189,"CapeByron",104.474902386025,NA,NA,42002.2053917944,"CB"
153.951136173426,"CapeByron",101.92915284601,NA,NA,42062.9812888331,"CB"
153.9523523709,"CapeByron",74.4179999259818,NA,NA,42078.3955190332,"CB"
153.953657453672,"CapeByron",45.1216610295591,NA,NA,42095.274772978,"CB"
153.955007171314,"CapeByron",15.487465575642,NA,NA,42113.1288949139,"CB"
153.956576237821,"CapeByron",14.2619787288524,NA,NA,42139.9399689525,"CB"
153.95787032523,"CapeByron",45.6057573162,NA,NA,42167.3454723617,"CB"
153.959190584262,"CapeByron",76.3867863981004,NA,NA,42189.5131769116,"CB"
153.960550001042,"CapeByron",103.339707954344,NA,NA,42209.5074061227,"CB"
153.964274366964,"CapeByron",102.42026587809,NA,NA,42287.6964000848,"CB"
153.965380403857,"CapeByron",75.1496110332946,NA,NA,42312.9290496188,"CB"
153.966669763941,"CapeByron",45.0022532101243,NA,NA,42338.9634236421,"CB"
153.968007661147,"CapeByron",15.5601321100124,NA,NA,42360.548452758,"CB"
153.969762220501,"CapeByron",16.3146643828009,NA,NA,42389.3412618295,"CB"
153.970995198758,"CapeByron",45.0803387878933,NA,NA,42410.0533925167,"CB"
153.97223032475,"CapeByron",75.0025030821257,NA,NA,42436.3722756811,"CB"
153.973705974897,"CapeByron",106.159004141296,NA,NA,42472.1603872462,"CB"
153.977200010671,"CapeByron",103.654947532291,NA,NA,42533.0086921323,"CB"
153.978235904478,"CapeByron",76.1499076583776,NA,NA,42543.850154945,"CB"
153.979406431463,"CapeByron",46.0930153277671,NA,NA,42559.6570694242,"CB"
153.980556684262,"CapeByron",15.3635120611599,NA,NA,42581.179439275,"CB"
153.982035932664,"CapeByron",14.0693356781114,NA,NA,42601.5955733788,"CB"
153.983102833036,"CapeByron",45.5124479788496,NA,NA,42612.5278613725,"CB"
153.983976642905,"CapeByron",74.0132168161013,NA,NA,42621.1394242435,"CB"
153.984871996471,"CapeByron",100.810486538296,NA,NA,42629.9973882382,"CB"
153.985750227292,"CapeByron",102.173571081724,NA,NA,42638.7902401854,"CB"
153.986515609357,"CapeByron",75.6075223038681,NA,NA,42646.5640732624,"CB"
153.987380669573,"CapeByron",45.7608715021259,NA,NA,42655.0444024716,"CB"
153.988231686461,"CapeByron",15.6338371004167,NA,NA,42663.0826497012,"CB"
153.989281591203,"CapeByron",14.411181887743,NA,NA,42665.1541515365,"CB"
153.990118268083,"CapeByron",45.8387833571614,NA,NA,42665.4423904161,"CB"
