FID,id,NRScode,Station,Latitude,Longitude,SampleDateLocal,Year,Month,Day,Time_24hr,SST_C,ChlorophyllMonthlyClimatology_mg_m3,ChlorophyllSatellite_mg_m3,ZoopAbundance_m3,CopepodAbundance_m3,AvgTotalLengthCopepod_mm,HerbivoreCarnivoreCopepodRatio,NoCopepodSpecies_Sample,ShannonCopepodDiversity,CopepodEvenness,ZooBiomass_mgCarbon_m3,Salinity_psu,Silicate_umol_L,Nitrate_umol_L,Ammonium_umol_L,Phosphate_umol_L,TotalCarbon_umol_kg,TotalAlkalinity_umol_kg,Oxygen_umol_L,PhytoBiomass_Carbon_pg_L,AbundancePhyto_cells_L,DiatomDinoflagellateRatio,AvgCellVolume_um3,NoPhytoSpecies_Sample,ShannonPhytoDiversity,PhytoEvenness,NoDiatomSpecies_Sample,ShannonDiatomDiversity,DiatomEvenness,NoDinoSpecies_Sample,ShannonDinoDiversity,DinoflagellateEvenness,geom
nrs_ind_map.fid--76d38584_1714ce21237_7593,650,PHB20181120,Port Hacking,-34.1192,151.2267,2018-11-21T10:05:00Z,2018,11,21,10:05:00,-999,-999,-999,8791.2861,1166.9847,0.6806,0.985,28,126.6175,37.9981,-999,-999,-999,-999,-999,-999,-999,-999,-999,-999,-999,-999,-999,-999,-999,-999,-999,-999,-999,-999,-999,-999,POINT (151.22667 -34.11923)
nrs_ind_map.fid--76d38584_1714ce21237_7594,651,NSI20181115,North Stradbroke,-27.345,153.562,2018-11-15T11:00:00Z,2018,11,15,11:00:00,-999,-999,-999,2840.3701,2840.3701,0.5463,0.959,40,144.9041,39.2813,4.8546,-999,1.11,3.77,0.81,0.33,-999,-999,-999,-999,-999,-999,-999,-999,-999,-999,-999,-999,-999,-999,-999,-999,POINT (153.562 -27.345)
nrs_ind_map.fid--76d38584_1714ce21237_7595,653,NSI20181023,North Stradbroke,-27.345,153.562,2018-10-23T10:50:00Z,2018,10,23,10:50:00,23.6243,-999,0.175,2597.5869,1832.4563,0.5045,0.987,37,176.6948,48.9335,4.8807,-999,0.81,1.53,0.26,0.17,2037.62,2324.9099,-999,-999,-999,-999,-999,-999,-999,-999,-999,-999,-999,-999,-999,-999,POINT (153.562 -27.345)
nrs_ind_map.fid--76d38584_1714ce21237_7596,657,PHB20180927,Port Hacking,-34.1192,151.2267,2018-09-27T11:40:00Z,2018,9,27,11:40:00,18.5235,-999,2.6763,4278.9438,1315.5099,0.6007,1,21,104.504,34.3253,3.9846,35.55,1.93,3.8,0.47,0.38,2089.5701,2337.0701,-999,-999,-999,-999,-999,-999,-999,-999,-999,-999,-999,-999,-999,-999,POINT (151.22667 -34.11923)
nrs_ind_map.fid--76d38584_1714ce21237_7597,660,NSI20180913,North Stradbroke,-27.345,153.562,2018-09-13T10:30:00Z,2018,9,13,10:30:00,21.5793,-999,0.2268,3298.4204,2063.9241,0.4837,0.988,32,169.1408,48.8037,6.6313,35.57,0.93,1.5,0.47,0.2,2049.8,2332.28,-999,-999,-999,-999,-999,-999,-999,-999,-999,-999,-999,-999,-999,-999,POINT (153.562 -27.345)
nrs_ind_map.fid--76d38584_1714ce21237_7598,661,PHB20180905,Port Hacking,-34.1192,151.2267,2018-09-05T12:23:00Z,2018,9,5,12:23:00,16.4635,-999,1.5023,2616.875,968.9509,0.5641,0.996,28,191.3419,57.422,16.4744,-999,1.15,1.43,0.49,0.23,2075.6399,2341.21,-999,-999,-999,-999,-999,-999,-999,-999,-999,-999,-999,-999,-999,-999,POINT (151.22667 -34.11923)
nrs_ind_map.fid--76d38584_1714ce21237_7599,665,NSI20180817,North Stradbroke,-27.345,153.562,2018-08-17T10:29:00Z,2018,8,17,10:29:00,21.8875,-999,0.56,2276.1033,1575.2692,0.5774,0.98,34,166.7534,47.2877,3.793,35.63,0.36,1.11,0.05,0.16,2044.05,2338.7,-999,-999,-999,-999,-999,-999,-999,-999,-999,-999,-999,-999,-999,-999,POINT (153.562 -27.345)
nrs_ind_map.fid--76d38584_1714ce21237_759a,668,PHB20180724,Port Hacking,-34.1192,151.2267,2018-07-25T10:12:00Z,2018,7,25,10:12:00,17.7127,-999,0.724,2602.729,2150.0808,0.5487,0.977,39,187.9908,51.3137,1.9303,35.69,0.93,2.64,0.08,0.25,2073.1799,2339.2,-999,-999,-999,-999,-999,-999,-999,-999,-999,-999,-999,-999,-999,-999,POINT (151.22667 -34.11923)
nrs_ind_map.fid--76d38584_1714ce21237_759b,671,NSI20180718,North Stradbroke,-27.345,153.562,2018-07-18T10:35:00Z,2018,7,18,10:35:00,21.4326,-999,0.483,3041.2341,2134.6506,0.547,0.966,41,206.2906,55.5505,5.1812,35.55,0.27,1.07,0.04,0.14,2030.47,2330.8601,-999,-999,-999,-999,-999,-999,-999,-999,-999,-999,-999,-999,-999,-999,POINT (153.562 -27.345)
nrs_ind_map.fid--76d38584_1714ce21237_759c,678,NSI20180530,North Stradbroke,-27.345,153.562,2018-05-30T10:35:00Z,2018,5,30,10:35:00,23.8578,-999,0.2824,1488.4679,1064.11,0.71,0.992,27,152.1879,46.1758,3.0922,35.52,1.03,2.4,0.1,0.22,2036.17,2329.1699,-999,-999,-999,-999,-999,-999,-999,-999,-999,-999,-999,-999,-999,-999,POINT (153.562 -27.345)
nrs_ind_map.fid--76d38584_1714ce21237_759d,679,PHB20180528,Port Hacking,-34.1192,151.2267,2018-05-29T10:04:00Z,2018,5,29,10:04:00,20.5048,-999,0.4947,4363.8154,2631.02,0.6188,0.966,45,221.3809,58.1562,5.5434,35.7,1.02,1.84,1.09,0.24,2068.6299,2343.5801,-999,-999,-999,-999,-999,-999,-999,-999,-999,-999,-999,-999,-999,-999,POINT (151.22667 -34.11923)
nrs_ind_map.fid--76d38584_1714ce21237_759e,685,NSI20180417,North Stradbroke,-27.345,153.562,2018-04-17T10:30:00Z,2018,4,17,10:30:00,26.4984,0.2785,0.1559,2192.5181,1793.8782,0.7182,0.938,41,177.6221,47.8305,3.0133,35.34,1.04,2.14,0.03,0.16,2012.67,2313.8101,-999,-999,-999,-999,-999,-999,-999,-999,-999,-999,-999,-999,-999,-999,POINT (153.562 -27.345)
nrs_ind_map.fid--76d38584_1714ce21237_759f,688,PHB20180326,Port Hacking,-34.1192,151.2267,2018-03-27T09:45:00Z,2018,3,27,9:45:00,22.7106,0.501,0.7895,1368.5547,1145.7667,0.7127,0.965,41,178.8734,48.1675,2.9838,35.54,1.65,4.08,0.17,0.36,2076.7,2330.8701,-999,-999,-999,-999,-999,-999,-999,-999,-999,-999,-999,-999,-999,-999,POINT (151.22667 -34.11923)
nrs_ind_map.fid--76d38584_1714ce21237_75a0,689,NSI20180320,North Stradbroke,-27.345,153.562,2018-03-20T10:50:00Z,2018,3,20,10:50:00,26.518,0.251,0.1517,2295.3923,1523.8318,0.5628,0.957,32,204.7967,59.0918,3.298,35.42,0.93,1.36,0.05,0.16,2013.41,2320.77,-999,-999,-999,-999,-999,-999,-999,-999,-999,-999,-999,-999,-999,-999,POINT (153.562 -27.345)
nrs_ind_map.fid--76d38584_1714ce21237_75a1,692,NSI20180302,North Stradbroke,-27.345,153.562,2018-03-02T10:40:00Z,2018,3,2,10:40:00,27.6416,0.251,0.4456,1086.6135,797.2784,0.8418,0.927,39,217.765,59.4408,3.298,35.38,1.06,1.93,0.14,0.17,2017.97,2321.78,-999,-999,-999,-999,-999,-999,-999,-999,-999,-999,-999,-999,-999,-999,POINT (153.562 -27.345)
nrs_ind_map.fid--76d38584_1714ce21237_75a2,694,PHB20180221,Port Hacking,-34.1192,151.2267,2018-02-22T09:21:00Z,2018,2,22,9:21:00,24.1469,0.543,0.3044,2270.3149,1718.6495,0.6548,0.943,47,237.5807,61.7069,5.5882,35.55,2.06,3.77,0.27,0.36,2082.6899,2331.0601,-999,-999,-999,-999,-999,-999,-999,-999,-999,-999,-999,-999,-999,-999,POINT (151.22667 -34.11923)
nrs_ind_map.fid--76d38584_1714ce21237_75a3,700,PHB20180123,Port Hacking,-34.1192,151.2267,2018-01-24T10:20:00Z,2018,1,24,10:20:00,22.751,0.4028,-999,2270.3152,1421.599,0.7003,0.948,34,164.5331,46.658,5.3619,35.56,1.51,3.28,0.16,0.32,2081.5701,2332.79,-999,-999,-999,-999,-999,-999,-999,-999,-999,-999,-999,-999,-999,-999,POINT (151.22667 -34.11923)
nrs_ind_map.fid--76d38584_1714ce21237_75a4,701,NSI20180123,North Stradbroke,-27.345,153.562,2018-01-23T10:33:00Z,2018,1,23,10:33:00,26.9533,0.187,0.1364,3285.5613,2784.0466,0.569,0.969,35,173.3644,48.7616,4.4699,-999,1.23,2.34,0.01,0.21,2019.9399,2327.01,-999,-999,-999,-999,-999,-999,-999,-999,-999,-999,-999,-999,-999,-999,POINT (153.562 -27.345)
nrs_ind_map.fid--76d38584_1714ce21237_75a5,703,NSI20171219,North Stradbroke,-27.345,153.562,2017-12-19T10:59:00Z,2017,12,19,10:59:00,26.4482,0.3396,0.127,2565.4382,2308.2515,0.5524,0.971,42,202.3547,54.1393,2.648,35.49,1.43,3.34,0.14,0.28,2047.38,2327.3701,-999,-999,-999,-999,-999,-999,-999,-999,-999,-999,-999,-999,-999,-999,POINT (153.562 -27.345)
nrs_ind_map.fid--76d38584_1714ce21237_75a6,707,PHB20171211,Port Hacking,-34.1192,151.2267,2017-12-12T09:12:00Z,2017,12,12,9:12:00,21.6638,0.4197,0.1589,11193.5303,1284.6226,0.6496,0.978,34,148.4509,42.0975,7.7384,35.53,1.11,2.98,0.93,0.3,2080.3101,2331.4099,-999,-999,-999,-999,-999,-999,-999,-999,-999,-999,-999,-999,-999,-999,POINT (151.22667 -34.11923)
nrs_ind_map.fid--76d38584_1714ce21237_75a7,712,NSI20171116,North Stradbroke,-27.345,153.562,2017-11-16T10:40:00Z,2017,11,16,10:40:00,24.7099,0.2764,0.1984,1986.7679,1613.847,0.565,0.981,37,154.1973,42.7031,2.5318,35.56,0.93,2.4,0.17,0.22,2042.74,2331.9299,-999,-999,-999,-999,-999,-999,-999,-999,-999,-999,-999,-999,-999,-999,POINT (153.562 -27.345)
nrs_ind_map.fid--76d38584_1714ce21237_75a8,715,PHB20171024,Port Hacking,-34.1192,151.2267,2017-10-25T09:01:00Z,2017,10,25,9:01:00,19.4535,1.2158,0.5072,1467.5729,217.4841,0.8755,0.961,24,118.9084,37.4155,2.6208,35.48,2.15,4.52,0.24,0.45,2089.26,2328.8401,-999,-999,-999,-999,-999,-999,-999,-999,-999,-999,-999,-999,-999,-999,POINT (151.22667 -34.11923)
nrs_ind_map.fid--76d38584_1714ce21237_75a9,716,NSI20171023,North Stradbroke,-27.345,153.562,2017-10-23T10:38:00Z,2017,10,23,10:38:00,22.7097,0.3632,0.3993,1863.6392,1333.1917,0.741,0.991,30,136.9662,40.27,3.7751,35.47,1.03,2.49,0.13,0.21,2039.14,2321.79,-999,-999,-999,-999,-999,-999,-999,-999,-999,-999,-999,-999,-999,-999,POINT (153.562 -27.345)
nrs_ind_map.fid--76d38584_1714ce21237_75aa,719,NSI20170927,North Stradbroke,-27.345,153.562,2017-09-27T11:00:00Z,2017,9,27,11:00:00,27.2453,0.3278,0.7859,3928.5276,2475.4226,0.5572,0.977,34,229.6853,65.1338,5.1749,-999,-999,-999,-999,-999,2057.73,2331.6499,-999,-999,-999,-999,-999,-999,-999,-999,-999,-999,-999,-999,-999,-999,POINT (153.562 -27.345)
nrs_ind_map.fid--76d38584_1714ce21237_75ab,721,PHB20170921,Port Hacking,-34.1192,151.2267,2017-09-21T08:48:00Z,2017,9,21,8:48:00,18.2346,1.4645,0.5933,783.2951,350.0958,0.7692,0.981,29,159.2454,47.2918,5.4056,35.57,-999,-999,-999,-999,2086.04,2333.49,-999,-999,-999,-999,-999,-999,-999,-999,-999,-999,-999,-999,-999,-999,POINT (151.22667 -34.11923)
nrs_ind_map.fid--76d38584_1714ce21237_75ac,725,NSI20170829,North Stradbroke,-27.345,153.562,2017-08-29T12:05:00Z,2017,8,29,12:05:00,27.2453,0.4833,0.3306,3735.6372,2514.0005,0.6004,0.942,39,249.5568,68.1186,3.2751,35.62,-999,-999,-999,-999,2029.88,2335.25,-999,-999,-999,-999,-999,-999,-999,-999,-999,-999,-999,-999,-999,-999,POINT (153.562 -27.345)
nrs_ind_map.fid--76d38584_1714ce21237_75ad,726,PHB20170821,Port Hacking,-34.1192,151.2267,2017-08-21T10:55:00Z,2017,8,21,10:55:00,18.8591,0.6402,0.2833,2333.969,1492.3257,0.664,0.967,41,210.0379,56.5595,4.3799,35.63,1.83,3.65,0.31,0.37,2077.6699,2336.46,-999,-999,-999,-999,-999,-999,-999,-999,-999,-999,-999,-999,-999,-999,POINT (151.22667 -34.11923)
nrs_ind_map.fid--76d38584_1714ce21237_75ae,731,NSI20170717,North Stradbroke,-27.345,153.562,2017-07-17T11:22:00Z,2017,7,17,11:22:00,27.2453,0.384,0.3125,2022.1306,1707.0765,0.6225,0.953,40,239.4152,64.9019,3.1172,35.66,-999,-999,-999,-999,2040.58,2336.47,-999,-999,-999,-999,-999,-999,-999,-999,-999,-999,-999,-999,-999,-999,POINT (153.562 -27.345)
nrs_ind_map.fid--76d38584_1714ce21237_75af,732,PHB20170716,Port Hacking,-34.1192,151.2267,2017-07-17T09:42:00Z,2017,7,17,9:42:00,19.7652,0.6205,0.3831,1721.0092,1225.9241,0.63,0.959,39,274.4514,74.9138,1.8507,35.65,1.47,2.63,0.33,0.26,2061.3101,2335.76,-999,-999,-999,-999,-999,-999,-999,-999,-999,-999,-999,-999,-999,-999,POINT (151.22667 -34.11923)
nrs_ind_map.fid--76d38584_1714ce21237_75b0,735,NSI20170627,North Stradbroke,-27.345,153.562,2017-06-27T10:33:00Z,2017,6,27,10:33:00,27.2453,0.4009,0.363,2089.6428,1633.136,0.5785,0.956,34,152.8365,43.3412,2.9572,35.49,1.13,1.6,0.57,0.17,2025.5699,2325.71,-999,1172411.25,26358,0.353,428307.0938,18,16.0121,5.5398,6,30.6819,17.1239,3,6.6266,6.0318,POINT (153.562 -27.345)
nrs_ind_map.fid--76d38584_1714ce21237_75b1,738,PHB20170614,Port Hacking,-34.1192,151.2267,2017-06-15T10:17:00Z,2017,6,15,10:17:00,19.8845,0.6187,0.4199,3755.5686,2970.5063,0.6278,0.958,49,255.7645,65.7185,1.9428,35.72,0.85,1.02,0.24,0.15,2053.6799,2339.97,-999,11056819,180102,0.153,4079818,40,46.6892,12.6567,16,98.1049,35.3839,10,7.928,3.4431,POINT (151.22667 -34.11923)
nrs_ind_map.fid--76d38584_1714ce21237_75b2,743,PHB20170517,Port Hacking,-34.1192,151.2267,2017-05-18T10:57:00Z,2017,5,18,10:57:00,21.3181,0.6299,0.3552,1570.1246,1195.275,0.79,0.933,36,176.6066,49.283,1.679,35.75,1.18,1.66,0.08,0.19,2059.03,2341.1699,-999,1721310.125,57125,0.005,333244.6875,6,4.3668,2.4372,1,1,1,3,0.7017,0.6388,POINT (151.22667 -34.11923)
nrs_ind_map.fid--76d38584_1714ce21237_75b3,745,NSI20170516,North Stradbroke,-27.345,153.562,2017-05-16T10:35:00Z,2017,5,16,10:35:00,27.2453,0.3703,0.3111,1639.5658,1305.2231,0.621,0.94,37,144.4349,39.9995,3.3645,35.61,1.01,0.27,0.1,0.08,2017.1899,2333.23,-999,985561.5,48964,0.194,563303.125,12,5.9263,2.3849,4,8.6915,6.2696,4,2.4636,1.7771,POINT (153.562 -27.345)
nrs_ind_map.fid--76d38584_1714ce21237_75b4,748,NSI20170424,North Stradbroke,-27.345,153.562,2017-04-24T11:15:00Z,2017,4,24,11:15:00,27.2453,0.3703,0.3605,3124.8198,2327.5408,0.6058,0.937,36,178.6967,49.8663,3.6244,35.57,1.04,0.61,0.04,0.08,2017.28,2328.3401,-999,14015584,309600,0.627,3871382.5,33,38.7391,11.0794,17,59.9253,21.151,9,39.2625,17.8691,POINT (153.562 -27.345)
nrs_ind_map.fid--76d38584_1714ce21237_75b5,749,PHB20170419,Port Hacking,-34.1192,151.2267,2017-04-19T11:45:00Z,2017,4,19,11:45:00,23.5273,0.5944,0.6502,1513.5431,1152.839,0.7461,0.928,38,208.9671,57.4466,2.921,35.62,1.64,2.76,0.42,0.25,2058.3401,2331.6001,-999,-999,-999,-999,-999,-999,-999,-999,-999,-999,-999,-999,-999,-999,POINT (151.22667 -34.11923)
nrs_ind_map.fid--76d38584_1714ce21237_75b6,755,PHB20170321,Port Hacking,-34.1192,151.2267,2017-03-22T10:38:00Z,2017,3,22,10:38:00,23.7754,0.4113,0.46,2715.8909,1994.4824,0.7652,0.957,46,205.0222,53.5496,2.043,35.39,2.65,5.8,0.22,0.47,2084.75,2322.1001,-999,2296428.25,126120,0.511,74175,17,17.2572,6.091,10,20.2407,8.7904,1,1,1,POINT (151.22667 -34.11923)
nrs_ind_map.fid--76d38584_1714ce21237_75b7,760,NSI20170217,North Stradbroke,-27.345,153.562,2017-02-17T10:45:00Z,2017,2,17,10:45:00,27.2453,0.2848,0.2286,6378.231,5053.7192,0.5861,0.964,32,176.3782,50.892,5.8828,35.62,1.4,1.67,0.33,0.21,2042.12,2333.3301,-999,14297292,97758,0.291,7455097,33,43.574,12.4621,22,77.8681,25.1915,6,7.5834,4.2324,POINT (153.562 -27.345)
nrs_ind_map.fid--76d38584_1714ce21237_75b8,761,PHB20170205,Port Hacking,-34.1192,151.2267,2017-02-06T10:55:00Z,2017,2,6,10:55:00,24.1514,0.4683,0.7149,2517.8579,1746.9408,0.5579,0.998,34,171.5226,48.6401,2.8376,35.57,1.84,4.13,0.08,0.34,2078.4299,2331.74,-999,3261286.5,120424,0.103,979688.3125,18,17.9152,6.1982,7,29.9038,15.3675,5,3.8308,2.3802,POINT (151.22667 -34.11923)
nrs_ind_map.fid--76d38584_1714ce21237_75b9,765,NSI20170117,North Stradbroke,-27.345,153.562,2017-01-17T10:46:00Z,2017,1,17,10:46:00,27.2453,0.2561,0.4873,4044.2625,3182.6865,0.6493,0.979,50,254.7047,65.1082,4.0678,35.67,1.21,1.99,0.65,0.22,2045.26,2334.53,-999,1950294,93436,0.193,673201,14,14.6506,5.5515,8,27.6115,13.2783,2,1.4691,2.1194,POINT (153.562 -27.345)
nrs_ind_map.fid--76d38584_1714ce21237_75ba,767,NSI20161215,North Stradbroke,-27.345,153.562,2016-12-15T10:30:00Z,2016,12,15,10:30:00,27.2453,0.2905,0.4185,2321.1108,1993.1978,0.9166,0.977,29,104.1126,30.9188,13.6579,35.66,1.1,2.39,0.15,0.26,2054.1899,2334.6699,-999,134552560,440028,0.981,2959232,21,41.5234,13.6387,16,37.9679,13.694,3,17.0037,15.4774,POINT (153.562 -27.345)
nrs_ind_map.fid--76d38584_1714ce21237_75bb,770,PHB20161204,Port Hacking,-34.1192,151.2267,2016-12-05T09:50:00Z,2016,12,5,9:50:00,21.4612,0.4333,0.2671,1319.0479,574.6524,0.5386,0.996,36,258.8108,72.2225,5.4458,35.51,1.83,4.35,0.2,0.41,2087.54,2329.01,-999,27660794,133660,0.766,66458080,27,33.1631,10.0621,12,12.8007,5.1514,9,10.689,4.8648,POINT (151.22667 -34.11923)
nrs_ind_map.fid--76d38584_1714ce21237_75bc,773,NSI20161116,North Stradbroke,-27.345,153.562,2016-11-16T10:30:00Z,2016,11,16,10:30:00,27.2453,0.2905,0.2609,2636.165,1813.1671,0.7254,0.943,41,232.2432,62.539,4.2094,35.61,1.29,3.1,0.82,0.33,2060.8,2334.4199,-999,11116649,47150,0.77,759773.875,15,15.0217,5.547,10,30.1809,13.1074,2,1.72,2.4814,POINT (153.562 -27.345)
nrs_ind_map.fid--76d38584_1714ce21237_75bd,777,PHB20161030,Port Hacking,-34.1192,151.2267,2016-10-31T09:35:00Z,2016,10,31,9:35:00,20.1847,0.6616,0.4188,2448.9001,574.6519,0.5384,0.987,29,212.0505,62.9735,2.8513,35.52,1.84,4.39,0.55,0.39,2082.3799,2328.95,-999,14734761,236406,0.997,882660,12,15.7618,6.343,7,9.9398,5.108,1,1,1,POINT (151.22667 -34.11923)
nrs_ind_map.fid--76d38584_1714ce21237_75be,779,NSI20161019,North Stradbroke,-27.345,153.562,2016-10-20T09:50:00Z,2016,10,20,9:50:00,27.2453,0.2623,0.2394,3118.3899,1691.0033,0.5366,0.955,37,181.3731,50.2291,4.1803,35.58,1.03,2.54,0.16,0.29,2054.9299,2333.1699,-999,4795146.5,73417,0.417,1283969.625,26,27.71,8.5049,14,56.0935,21.2551,6,10.5151,5.8686,POINT (153.562 -27.345)
nrs_ind_map.fid--76d38584_1714ce21237_75bf,783,PHB20160926,Port Hacking,-34.1192,151.2267,2016-09-27T10:23:00Z,2016,9,27,10:23:00,20.5868,1.0352,0.4021,2341.0417,1053.8223,0.6469,0.996,35,194.8569,54.8067,3.425,35.6,1.29,2.37,0.66,0.29,2068.1201,2330.0701,-999,7871858.5,113360,0.466,4696633,38,46.8678,12.8843,20,96.3938,32.1771,6,10.6202,5.9272,POINT (151.22667 -34.11923)
nrs_ind_map.fid--76d38584_1714ce21237_75c0,785,NSI20160920,North Stradbroke,-27.345,153.562,2016-09-20T10:30:00Z,2016,9,20,10:30:00,27.2453,0.3278,0.3909,961.2352,675.1151,0.7388,0.971,30,137.3303,40.377,3.3728,35.57,1.81,4.74,0.16,0.4,2076.74,2329.52,-999,1044537.688,40741,0.006,80892.5,8,4.5104,2.1691,1,1,1,3,1.2511,1.1388,POINT (153.562 -27.345)
nrs_ind_map.fid--76d38584_1714ce21237_75c1,788,PHB20160829,Port Hacking,-34.1192,151.2267,2016-08-30T10:44:00Z,2016,8,30,10:44:00,18.0561,1.2361,0.2699,3087.2046,1955.5831,0.5682,0.976,49,217.4044,55.8619,3.0089,35.58,1.38,3.38,0.28,0.35,-999,-999,-999,5438742,245055,0.012,930746,19,17.942,6.0935,4,25.3114,18.2583,4,2.7801,2.0055,POINT (151.22667 -34.11923)
nrs_ind_map.fid--76d38584_1714ce21237_75c2,790,NSI20160822,North Stradbroke,-27.345,153.562,2016-08-22T11:05:00Z,2016,8,22,11:05:00,27.2453,0.4833,0.2579,2478.637,2083.2124,0.6813,0.992,34,178.0407,50.4885,5.653,35.69,0.87,1.83,0.54,0.24,2050.76,2338.01,-999,5800878,67843,0.981,928683.6875,31,26.6215,7.7524,23,84.081,26.8159,2,19.7319,28.4672,POINT (153.562 -27.345)
nrs_ind_map.fid--76d38584_1714ce21237_75c3,795,NSI20160720,North Stradbroke,-27.345,153.562,2016-07-20T10:45:00Z,2016,7,20,10:45:00,22.47,0.384,0.2033,1568.8403,1138.0522,0.9159,0.948,37,172.3224,47.7226,2.9095,35.7,0.89,1.46,0.06,0.18,2045.48,2338.24,-999,-999,-999,-999,-999,-999,-999,-999,-999,-999,-999,-999,-999,-999,POINT (153.562 -27.345)
nrs_ind_map.fid--76d38584_1714ce21237_75c4,796,PHB20160719,Port Hacking,-34.1192,151.2267,2016-07-19T10:30:00Z,2016,7,19,10:30:00,19.51,0.6156,0.3932,1510.0073,1287.2195,0.5688,0.987,40,160.2402,43.4387,1.9679,35.65,1.51,2.61,0.65,0.32,-999,-999,-999,7899013.5,132675,0.506,3244701,41,48.1834,12.9749,25,103.3983,32.1225,7,13.136,6.7506,POINT (151.22667 -34.11923)
nrs_ind_map.fid--76d38584_1714ce21237_75c5,799,NSI20160623,North Stradbroke,-27.345,153.562,2016-06-23T10:45:00Z,2016,6,23,10:45:00,22.705,0.4009,0.3727,2636.1648,1973.9086,0.6502,0.955,34,163.4721,46.3572,4.3865,35.69,1.33,1.56,0.05,0.17,2046.1,2337.78,-999,12385768,56653,0.176,6707220,16,8.4514,3.0482,10,25.987,11.286,4,1.6502,1.1904,POINT (153.562 -27.345)
nrs_ind_map.fid--76d38584_1714ce21237_75c6,801,PHB20160615,Port Hacking,-34.1192,151.2267,2016-06-15T11:06:00Z,2016,6,15,11:06:00,21.41,0.6003,0.6443,1333.1914,1032.6045,0.6843,0.976,32,110.6814,31.9359,1.1934,35.66,1.46,3.12,0.6,0.29,2070,2333.0601,-999,12125641,156480,0.698,776046,30,24.1264,7.0935,18,70.2949,24.3204,5,17.7447,11.0254,POINT (151.22667 -34.11923)
nrs_ind_map.fid--76d38584_1714ce21237_75c7,807,NSI20160517,North Stradbroke,-27.345,153.562,2016-05-17T10:45:00Z,2016,5,17,10:45:00,25.28,0.4619,0.2265,2134.6509,1639.5663,0.8033,0.939,47,215.6681,56.0155,3.1712,35.66,1.01,1.09,0.04,0.16,2031.13,2335.52,-999,7991773.5,78159,0.378,4485552.5,29,38.157,11.3316,20,73.7286,24.6112,4,4.0703,2.9361,POINT (153.562 -27.345)
nrs_ind_map.fid--76d38584_1714ce21237_75c8,809,PHB20160502,Port Hacking,-34.1192,151.2267,2016-05-03T09:27:00Z,2016,5,3,9:27:00,21.53,0.5944,1.3789,2171.2991,1863.6393,0.7097,0.976,40,126.403,34.266,1.2353,35.58,1.96,4.27,0.07,0.36,2076.04,2329.4099,-999,2827139.5,114600,0.236,42823,19,24.9587,8.4766,10,34.6317,15.0403,2,0.3462,0.4994,POINT (151.22667 -34.11923)
nrs_ind_map.fid--76d38584_1714ce21237_75c9,813,NSI20160412,North Stradbroke,-27.345,153.562,2016-04-12T10:55:00Z,2016,4,12,10:55:00,26.59,0.2482,0.1729,2006.0568,1273.0745,0.7359,0.865,31,120.9444,35.2198,2.3577,35.56,0.94,1.4,0.01,0.19,2019.84,2329.3101,-999,3324909.5,160486,0.678,1745082.25,16,17.2442,6.2195,9,17.1959,7.8262,2,0.5924,0.8547,POINT (153.562 -27.345)
nrs_ind_map.fid--76d38584_1714ce21237_75ca,814,PHB20160407,Port Hacking,-34.1192,151.2267,2016-04-08T09:30:00Z,2016,4,8,9:30:00,23.22,0.4113,0.1901,2045.1716,1597.2377,0.5675,0.972,43,187.5707,49.8699,1.9883,-999,0.98,2.01,0.17,0.22,2053.27,2334.03,-999,19273828,252545,0.843,887382.8125,25,51.3974,15.9675,11,27.1445,11.3202,4,6.7891,4.8973,POINT (151.22667 -34.11923)
nrs_ind_map.fid--76d38584_1714ce21237_75cb,818,NSI20160318,North Stradbroke,-27.345,153.562,2016-03-18T10:50:00Z,2016,3,18,10:50:00,27.16,0.2482,0.2192,1684.573,1125.1917,0.7043,0.913,41,232.7797,62.6835,4.6742,35.57,0.94,2.29,0.06,0.24,2032.96,2331.3401,-999,44417920,150284,0.882,4883770,24,41.6989,13.1209,15,38.6672,14.2786,3,4.9186,4.4771,POINT (153.562 -27.345)
nrs_ind_map.fid--76d38584_1714ce21237_75cc,820,PHB20160229,Port Hacking,-34.1192,151.2267,2016-03-01T09:47:00Z,2016,3,1,9:47:00,25.82,0.5684,0.431,2751.2549,1269.5378,0.6368,0.965,34,140.6227,39.8776,3.5988,35.37,1.72,4.4,0.09,0.4,2061.8401,2316.9399,-999,8771502,131375,0.747,2539675.5,18,22.346,7.7312,8,25.6941,12.3562,5,14.7399,9.1584,POINT (151.22667 -34.11923)
nrs_ind_map.fid--76d38584_1714ce21237_75cd,825,PHB20160201,Port Hacking,-34.1192,151.2267,2016-02-02T10:52:00Z,2016,2,2,10:52:00,24.25,0.4683,0.3946,1690.3593,1481.7167,0.5895,0.966,50,220.6349,56.3992,2.4349,35.36,2.4,4.33,0.27,0.41,2077,2319.25,-999,5183883,118558,0.087,867097.125,21,17.3665,5.7042,6,29.3164,16.3618,8,5.9092,2.8417,POINT (151.22667 -34.11923)
nrs_ind_map.fid--76d38584_1714ce21237_75ce,828,NSI20160120,North Stradbroke,-27.345,153.562,2016-01-20T10:45:00Z,2016,1,20,10:45:00,26.985,0.2561,0.1929,2976.9375,1845.3156,0.542,0.953,32,141.5966,40.8561,3.4643,35.61,0.83,1.86,0.02,0.22,2036.78,2332.5,-999,16369413,164283,0.797,569172.1875,19,28.3011,9.6117,8,17.3814,8.3587,4,4.2017,3.0308,POINT (153.562 -27.345)
nrs_ind_map.fid--76d38584_1714ce21237_75cf,830,NSI20151216,North Stradbroke,-27.345,153.562,2015-12-16T10:45:00Z,2015,12,16,10:45:00,26.05,0.2905,0.1609,2848.3442,1864.6046,0.6166,0.968,33,136.4115,39.0136,4.6763,35.56,0.73,0.21,0.03,0.11,2015.73,2330.97,-999,2160891.5,49238,0.077,561113,17,16.9921,5.9975,7,29.218,15.0151,6,3.6942,2.0618,POINT (153.562 -27.345)
nrs_ind_map.fid--76d38584_1714ce21237_75d0,834,NSI20151119,North Stradbroke,-27.345,153.562,2015-11-19T10:34:00Z,2015,11,19,10:34:00,25,0.2905,0.2858,3684.2007,3163.3975,0.5606,0.982,36,156.6104,43.703,3.0029,35.53,1.09,1.43,0.05,0.2,2032.99,2324.54,-999,990754.25,69860,0.448,3144.6001,8,5.469,2.63,4,8.3622,6.0321,1,1,1,POINT (153.562 -27.345)
nrs_ind_map.fid--76d38584_1714ce21237_75d1,837,PHB20151115,Port Hacking,-34.1192,151.2267,2015-11-16T09:48:00Z,2015,11,16,9:48:00,19.95,0.4333,0.6019,2328.666,1044.9825,0.5539,0.986,37,195.7319,54.2056,2.6037,35.4,1.4,4.4,0.19,0.39,2078.6799,2320.46,-999,245664176,366498,0.94,1053130,23,43.8003,13.9692,15,35.1046,12.9631,3,19.6472,17.8837,POINT (151.22667 -34.11923)
nrs_ind_map.fid--76d38584_1714ce21237_75d2,839,NSI20151027,North Stradbroke,-27.345,153.562,2015-10-27T11:00:00Z,2015,10,27,11:00:00,23.38,0.2623,0.104,2253.5986,1578.4832,0.5554,0.966,36,170.5818,47.6017,1.5571,35.61,0.71,1.1,0.15,0.17,2041.45,2332.3301,-999,4641209.5,115251,0.627,755231.8125,21,16.2468,5.3364,16,37.3377,13.4667,2,0.7961,1.1486,POINT (153.562 -27.345)
nrs_ind_map.fid--76d38584_1714ce21237_75d3,842,PHB20151013,Port Hacking,-34.1192,151.2267,2015-10-14T10:05:00Z,2015,10,14,10:05:00,20.7,1.0352,0.2177,1923.7566,1350.8734,0.526,0.989,27,161.3281,48.9491,1.224,35.59,1.36,3.37,0.08,0.34,2070.8501,2332.79,-999,3079386,123050,0.292,359660,24,18.6297,5.862,11,43.8424,18.2837,5,5.4604,3.3927,POINT (151.22667 -34.11923)
nrs_ind_map.fid--76d38584_1714ce21237_75d4,847,NSI20150907,North Stradbroke,-27.345,153.562,2015-09-07T10:55:00Z,2015,9,7,10:55:00,21.465,0.4833,0.848,1890.3228,1105.9033,0.6121,0.952,32,183.0234,52.8094,4.4178,35.6,1.34,3,0.15,0.33,2056.8501,2332.03,-999,8123846.5,210702,0.601,894484.3125,30,31.4447,9.2452,20,59.7465,19.9439,3,1.5481,1.4091,POINT (153.562 -27.345)
nrs_ind_map.fid--76d38584_1714ce21237_75d5,850,PHB20150819,Port Hacking,-34.1192,151.2267,2015-08-19T10:20:00Z,2015,8,19,10:20:00,18.74,1.2361,0.4149,1149.3044,574.6524,0.492,0.989,27,138.0499,41.8862,1.5631,35.58,1.45,3.36,0.45,0.37,2076.5701,2332.1499,-999,23629534,139655,0.499,1205604.25,29,42.7038,12.6819,17,63.0036,22.2375,4,8.598,6.2022,POINT (151.22667 -34.11923)
nrs_ind_map.fid--76d38584_1714ce21237_75d6,851,NSI20150817,North Stradbroke,-27.345,153.562,2015-08-17T10:45:00Z,2015,8,17,10:45:00,20.96,0.4833,0.4878,2970.5068,1253.7849,0.6465,0.967,41,258.6186,69.6415,5.01,-999,0.61,0,0.7,0.15,2033.14,2339.98,-999,10064885,109667,0.241,4625636.5,25,22.2348,6.9076,16,57.1985,20.63,4,2.5161,1.815,POINT (153.562 -27.345)
nrs_ind_map.fid--76d38584_1714ce21237_75d7,855,NSI20150731,North Stradbroke,-27.345,153.562,2015-07-31T10:30:00Z,2015,7,31,10:30:00,21.49,0.384,0.187,2877.2771,1610.632,0.6625,0.899,39,288.7816,78.8254,4.5158,35.65,0.59,0.54,0.45,0.19,2028.01,2332.6101,-999,7841898,118399,0.833,2729256.75,25,16.4842,5.1211,15,62.6068,23.1188,3,21.2665,19.3576,POINT (153.562 -27.345)
nrs_ind_map.fid--76d38584_1714ce21237_75d8,858,PHB20150723,Port Hacking,-34.1192,151.2267,2015-07-23T10:33:00Z,2015,7,23,10:33:00,18.27,0.6156,0.5625,1504.74,1057.2874,0.5246,0.984,32,127.0502,36.659,1.1555,35.57,1.64,3.36,0.46,0.36,2073.77,2330.78,-999,24530296,235022,0.037,65748848,26,23.4646,7.2019,8,42.8806,20.6212,8,4.3524,2.0931,POINT (151.22667 -34.11923)
nrs_ind_map.fid--76d38584_1714ce21237_75d9,860,PHB20150630,Port Hacking,-34.1192,151.2267,2015-06-30T11:25:00Z,2015,6,30,11:25:00,19.41,0.6314,0.4233,1333.1917,1184.6663,0.5769,0.98,39,174.2675,47.5678,0.9365,35.54,1.29,4.43,0.16,0.4,2075.1699,2329.6299,-999,6950905.5,273698,0.183,2567585,32,25.3619,7.3179,19,85.3595,28.9901,2,0.9183,1.3248,POINT (151.22667 -34.11923)
nrs_ind_map.fid--76d38584_1714ce21237_75da,862,NSI20150624,North Stradbroke,-27.345,153.562,2015-06-24T10:50:00Z,2015,6,24,10:50:00,22.685,0.4009,0.4402,2739.0381,2166.7976,0.6264,0.968,45,248.4116,65.2571,2.8638,35.59,0.91,1.21,0.21,0.14,2026.26,2332.72,-999,13189703,180825,0.885,1549106.875,35,37.1824,10.4582,21,74.2161,24.3769,5,20.2904,12.6071,POINT (153.562 -27.345)
nrs_ind_map.fid--76d38584_1714ce21237_75db,865,NSI20150528,North Stradbroke,-27.345,153.562,2015-05-28T10:30:00Z,2015,5,28,10:30:00,23.15,0.4619,0.5972,1851.7439,1581.6978,0.653,0.984,41,214.1624,57.6702,3.0071,35.63,0.84,0.03,0.35,0.08,2018.33,2334.3401,-999,8334995.5,283052,0.52,1164586.375,25,11.8296,3.6751,12,44.4492,17.8877,5,16.827,10.4552,POINT (153.562 -27.345)
nrs_ind_map.fid--76d38584_1714ce21237_75dc,867,PHB20150518,Port Hacking,-34.1192,151.2267,2015-05-19T10:07:00Z,2015,5,19,10:07:00,20.84,0.6003,0.517,2337.5056,1976.8016,0.5783,0.959,40,202.6483,54.9349,1.5302,35.38,1.72,2.14,0.3,0.2,2043.9301,2319.3501,-999,16952436,368859,0.536,1876089.125,47,54.6803,14.2021,26,135.4781,41.582,10,38.5492,16.7417,POINT (151.22667 -34.11923)
nrs_ind_map.fid--76d38584_1714ce21237_75dd,868,NSI20150512,North Stradbroke,-27.345,153.562,2015-05-12T10:30:00Z,2015,5,12,10:30:00,24.53,0.3703,0.4729,1495.3564,1091.5729,0.6653,0.923,50,273.6498,69.951,3.1026,35.49,0.67,0.26,0.62,0.06,2003.25,2321.53,-999,30001030,112772,0.849,9864794,43,69.5183,18.483,27,110.351,33.4819,8,52.598,25.2943,POINT (153.562 -27.345)
nrs_ind_map.fid--76d38584_1714ce21237_75de,874,PHB20150330,Port Hacking,-34.1192,151.2267,2015-03-31T10:32:00Z,2015,3,31,10:32:00,23.11,0.4113,0.2556,1888.3931,1573.6609,0.5428,0.958,42,189.4309,50.6815,1.5444,35.58,0.51,1.29,0.91,0.22,2032.58,2331.6299,-999,22099352,308435,0.844,2432641,51,70.0709,17.8215,32,152.4704,43.9937,7,35.0638,18.0192,POINT (151.22667 -34.11923)
nrs_ind_map.fid--76d38584_1714ce21237_75df,876,NSI20150323,North Stradbroke,-27.345,153.562,2015-03-23T11:50:00Z,2015,3,23,11:50:00,26.8,0.2482,0.1625,4481.4795,3401.2952,0.9897,0.945,53,259.4421,65.3459,5.2187,35.52,1.13,2.01,0.54,0.18,2030.79,2326.1399,-999,11602737,63266,0.905,1699647.375,50,105.2481,26.9037,33,137.7371,39.3927,7,41.2829,21.2152,POINT (153.562 -27.345)
nrs_ind_map.fid--76d38584_1714ce21237_75e0,880,NSI20150304,North Stradbroke,-27.345,153.562,2015-03-04T10:45:00Z,2015,3,4,10:45:00,27.33,0.2848,0.1477,3031.5879,2362.9026,0.5986,0.941,43,307.7478,81.8217,2.0098,35.46,1.19,0.34,0.07,0.08,2001.7,2321.0701,-999,3551564,96318,0.12,1269842.25,23,28.0998,8.9619,10,45.4864,19.7545,5,9.1728,5.6994,POINT (153.562 -27.345)
nrs_ind_map.fid--76d38584_1714ce21237_75e1,881,PHB20150225,Port Hacking,-34.1192,151.2267,2015-02-26T10:27:00Z,2015,2,26,10:27:00,23.38,0.5684,0.2293,2369.332,1746.9403,0.5436,0.973,54,233.2513,58.4739,2.3209,35.45,1.67,3.38,0.17,0.36,-999,-999,-999,8599185,165315,0.548,833734,30,34.9326,10.2707,11,37.2543,15.5363,13,26.713,10.4146,POINT (151.22667 -34.11923)
nrs_ind_map.fid--76d38584_1714ce21237_75e2,888,PHB20150121,Port Hacking,-34.1192,151.2267,2015-01-22T10:49:00Z,2015,1,22,10:49:00,23.28,0.4683,0.6841,2146.5439,912.3691,0.6406,0.996,36,208.2511,58.1136,1.4621,35.37,1.46,4.68,0.25,0.43,2083.3601,2322.05,-999,58074516,364821,0.852,470893.5,26,51.5878,15.8337,15,35.7531,13.2025,6,37.1576,20.738,POINT (151.22667 -34.11923)
nrs_ind_map.fid--76d38584_1714ce21237_75e3,890,NSI20150119,North Stradbroke,-27.345,153.562,2015-01-19T10:57:00Z,2015,1,19,10:57:00,27.555,0.2561,0.1814,2880.4915,1922.4707,0.6034,0.941,42,258.7348,69.2236,4.0386,35.57,0.51,0.94,0.06,0.16,2028.29,2329.1001,-999,10355598,55970,0.81,977900.8125,30,59.6905,17.5499,16,57.7543,20.8305,10,23.4799,10.1972,POINT (153.562 -27.345)
nrs_ind_map.fid--76d38584_1714ce21237_75e4,891,NSI20141223,North Stradbroke,-27.345,153.562,2014-12-23T10:50:00Z,2014,12,23,10:50:00,26,0.2029,0.1177,3774.2163,2739.0393,0.6124,0.945,45,235.4702,61.8574,3.3728,35.52,0.7,1.69,0.06,0.21,2025.2,2325.29,-999,2313638,42794,0.096,2448898.75,26,27.5131,8.4445,10,50.0271,21.7265,7,6.6133,3.3985,POINT (153.562 -27.345)
nrs_ind_map.fid--76d38584_1714ce21237_75e5,893,PHB20141208,Port Hacking,-34.1192,151.2267,2014-12-09T10:51:00Z,2014,12,9,10:51:00,21.59,0.4333,1.2276,1630.3337,790.6847,0.48,0.991,37,258.6148,71.6202,0.9364,35.47,1.67,3.14,0.23,0.33,2072.71,2326.1599,-999,204421584,266073,0.901,65783068,25,45.6085,14.1691,13,37.4397,14.5966,5,13.5667,8.4295,POINT (151.22667 -34.11923)
nrs_ind_map.fid--76d38584_1714ce21237_75e6,901,PHB20141112,Port Hacking,-34.1192,151.2267,2014-11-13T10:30:00Z,2014,11,13,10:30:00,20.32,0.6616,0.2646,3109.0881,1845.348,0.5317,0.986,37,184.9031,51.2067,1.8075,35.56,1.09,2.6,0.3,0.27,2069.9099,2331.9099,-999,67079660,237417,0.732,66259456,18,28.4943,9.8583,11,21.7114,9.0543,3,1.0468,0.9528,POINT (151.22667 -34.11923)
nrs_ind_map.fid--76d38584_1714ce21237_75e7,902,NSI20141107,North Stradbroke,-27.345,153.562,2014-11-07T10:50:00Z,2014,11,7,10:50:00,24.24,0.2623,0.1594,3414.1536,2327.5396,0.6537,0.947,51,302.0354,76.8181,3.639,-999,0.47,1.04,0.08,0.18,2024.21,2328.28,-999,2695942.5,53875,0.116,511735,12,7.9342,3.1929,6,14.0237,7.8268,4,0.961,0.6932,POINT (153.562 -27.345)
nrs_ind_map.fid--76d38584_1714ce21237_75e8,905,PHB20141021,Port Hacking,-34.1192,151.2267,2014-10-22T11:08:00Z,2014,10,22,11:08:00,19.68,0.6616,0.935,5856.1426,2167.7629,0.5132,0.982,33,171.317,48.9966,2.5649,35.49,0.56,1.68,1.25,0.22,2061.8301,2328.8799,-999,77466312,269320,0.476,68443456,38,58.5174,16.0869,16,72.1415,26.0196,11,17.3456,7.2337,POINT (151.22667 -34.11923)
nrs_ind_map.fid--76d38584_1714ce21237_75e9,906,NSI20141020,North Stradbroke,-27.345,153.562,2014-10-20T11:05:00Z,2014,10,20,11:05:00,23.09,0.2623,0.1978,3886.7346,1674.9283,0.5949,0.931,40,256.6675,69.5787,2.134,35.72,0.36,0.56,0.13,0.14,2031.9,2329.76,-999,6114730,17330,0.261,6229597.5,19,27.917,9.4813,6,23.8322,13.301,8,17.0718,8.2098,POINT (153.562 -27.345)
nrs_ind_map.fid--76d38584_1714ce21237_75ea,910,NSI20140917,North Stradbroke,-27.345,153.562,2014-09-17T10:45:00Z,2014,9,17,10:45:00,22.425,0.3278,0.4587,4725.8076,3015.5154,0.5773,0.972,45,228.5639,60.0431,6.5832,35.51,1.06,2.74,0.18,0.28,2053.6201,2326.8701,-999,2802901.75,86395,0.268,939836.3125,16,13.6543,4.9247,7,28.9563,14.8806,3,4.2854,3.9008,POINT (153.562 -27.345)
nrs_ind_map.fid--76d38584_1714ce21237_75eb,912,PHB20140911,Port Hacking,-34.1192,151.2267,2014-09-11T11:25:00Z,2014,9,11,11:25:00,18.35,1.2361,1.744,10291.4062,636.8977,0.617,0.992,38,241.7451,66.4576,9.2708,35.4,0.96,1.31,0.55,0.27,2049.05,2323.5801,-999,185141440,215596,0.277,65818480,20,21.3742,7.1349,7,22.0434,11.3281,7,18.3962,9.4538,POINT (151.22667 -34.11923)
nrs_ind_map.fid--76d38584_1714ce21237_75ec,916,NSI20140901,North Stradbroke,-27.345,153.562,2014-09-01T10:24:00Z,2014,9,1,10:24:00,22.3,0.4833,0.3982,2507.5713,1913.4698,0.7006,0.965,47,234.3932,60.879,2.9551,35.53,0.19,0.77,0.15,0.17,2024.8199,2327.6799,-999,3457491.75,67688,0.475,7383274.5,11,5.932,2.4738,6,14.4262,8.0514,2,2.124,3.0643,POINT (153.562 -27.345)
nrs_ind_map.fid--76d38584_1714ce21237_75ed,917,PHB20140824,Port Hacking,-34.1192,151.2267,2014-08-25T10:52:00Z,2014,8,25,10:52:00,18.89,1.2361,0.6603,1835.9392,921.8004,0.5337,0.989,35,267.0238,75.1048,1.6268,35.5,1.04,1.61,0.86,0.31,2057.76,2328.8301,-999,7387565.5,239286,0.021,404013.8125,22,27.4283,8.8735,6,36.8202,20.5497,7,5.6417,2.8993,POINT (151.22667 -34.11923)
nrs_ind_map.fid--76d38584_1714ce21237_75ee,922,NSI20140725,North Stradbroke,-27.345,153.562,2014-07-25T11:00:00Z,2014,7,25,11:00:00,21.69,0.384,0.3569,3253.4121,2520.4297,0.6387,0.973,56,303.7986,75.4713,3.9533,35.57,0.53,0.71,0.29,0.12,2027.47,2331.5901,-999,11167814,127677,0.984,3333124.5,35,36.6376,10.3049,25,71.8395,22.3182,5,51.5492,32.0293,POINT (153.562 -27.345)
nrs_ind_map.fid--76d38584_1714ce21237_75ef,924,PHB20140716,Port Hacking,-34.1192,151.2267,2014-07-16T11:02:00Z,2014,7,16,11:02:00,17.89,0.6314,0.2312,2772.4724,2341.042,0.5216,0.987,37,165.4625,45.8228,1.6415,35.65,0.83,2.23,0.2,0.22,2061.3799,2335.6699,-999,4385069.5,123044,0.019,1059554.25,27,30.3657,9.2133,8,53.271,25.618,10,6.7311,2.9233,POINT (151.22667 -34.11923)
nrs_ind_map.fid--76d38584_1714ce21237_75f0,930,NSI20140623,North Stradbroke,-27.345,153.562,2014-06-23T10:40:00Z,2014,6,23,10:40:00,23.645,0.4009,0.7865,3005.8701,2337.1846,0.6391,0.957,46,250.9363,65.5419,3.2439,35.48,0.66,1.84,0.12,0.2,2031.26,2325.28,-999,32495560,157149,0.96,2152512,34,58.5529,16.6043,25,59.3772,18.4466,2,8.4389,12.1747,POINT (153.562 -27.345)
nrs_ind_map.fid--76d38584_1714ce21237_75f1,932,PHB20140612,Port Hacking,-34.1192,151.2267,2014-06-13T10:48:00Z,2014,6,13,10:48:00,20.62,0.6003,0.5247,2624.8965,1917.6329,0.5033,0.98,46,223.2525,58.3111,3.6309,35.54,1.05,2.54,0.17,0.25,2058.23,2328.47,-999,13182067,300670,0.502,4446118,45,44.2808,11.6324,35,129.8398,36.5196,4,12.0864,8.7185,POINT (151.22667 -34.11923)
nrs_ind_map.fid--76d38584_1714ce21237_75f2,935,PHB20140515,Port Hacking,-34.1192,151.2267,2014-05-16T10:50:00Z,2014,5,16,10:50:00,22.44,0.5944,0.2597,1744.1115,1376.3347,0.6062,0.966,69,321.9539,76.0382,1.4133,35.52,1.6,3.75,0.13,0.51,2060.46,2326.1001,-999,-999,-999,-999,-999,-999,-999,-999,-999,-999,-999,-999,-999,-999,POINT (151.22667 -34.11923)
nrs_ind_map.fid--76d38584_1714ce21237_75f3,938,NSI20140507,North Stradbroke,-27.345,153.562,2014-05-07T10:40:00Z,2014,5,7,10:40:00,24.83,0.3703,0.291,1899.9669,1285.9337,0.6379,0.961,43,275.0234,73.1212,3.1836,35.5,0.89,2.29,0.14,0.22,2027.6899,2322.5601,-999,2810525,139310,0.084,463167.3125,22,21.9934,7.1152,13,43.504,16.961,3,0.9383,0.854,POINT (153.562 -27.345)
nrs_ind_map.fid--76d38584_1714ce21237_75f4,940,PHB20140427,Port Hacking,-34.1192,151.2267,2014-04-28T11:11:00Z,2014,4,28,11:11:00,22.84,0.5944,0.3914,2471.8855,2029.8459,0.6415,0.955,48,196.7331,50.8197,1.87,35.39,1.57,2.79,0.33,0.24,2046.41,2321.4199,-999,12377863,590306,0.143,940278.8125,28,14.5411,4.3638,10,48.2599,20.959,7,15.8938,8.1678,POINT (151.22667 -34.11923)
nrs_ind_map.fid--76d38584_1714ce21237_75f5,942,NSI20140404,North Stradbroke,-27.345,153.562,2014-04-04T11:00:00Z,2014,4,4,11:00:00,26.1,0.2482,0.2535,2006.0555,1494.8971,0.7028,0.901,52,295.791,74.8602,4.6846,35.39,1,1.81,0.44,0.16,2016.58,2318.29,-999,15469208,1180193,0.496,1528186.625,41,27.8104,7.4889,24,107.0973,33.699,7,36.596,18.8066,POINT (153.562 -27.345)
nrs_ind_map.fid--76d38584_1714ce21237_75f6,946,PHB20140317,Port Hacking,-34.1192,151.2267,2014-03-18T10:52:00Z,2014,3,18,10:52:00,22.91,0.4113,0.4071,1311.9753,1052.0555,0.5482,0.977,48,345.4335,89.2316,1.4839,35.43,2.69,7.03,0.16,0.57,-999,-999,-999,4435366.5,226742,0.262,1023139.313,26,15.2676,4.6861,14,54.2629,20.5615,5,8.1632,5.0721,POINT (151.22667 -34.11923)
nrs_ind_map.fid--76d38584_1714ce21237_75f7,949,NSI20140306,North Stradbroke,-27.345,153.562,2014-03-06T10:25:00Z,2014,3,6,10:25:00,25.63,0.2848,0.1541,4240.3662,2362.9028,0.593,0.982,44,209.9126,55.471,7.4705,35.61,0.79,2.47,0.24,0.31,2040.75,2333.95,-999,6578365,189351,0.598,2081702.75,35,18.3102,5.15,18,96.1217,33.2558,7,33.1601,17.0409,POINT (153.562 -27.345)
nrs_ind_map.fid--76d38584_1714ce21237_75f8,952,NSI20140213,North Stradbroke,-27.345,153.562,2014-02-13T10:40:00Z,2014,2,13,10:40:00,25.63,0.2561,0.1404,1530.2595,1161.0132,0.7284,0.964,49,252.1785,64.7971,4.1803,35.61,1.16,2.73,0.16,0.31,2039.96,2332.99,-999,3681271,236559,0.152,837606.3125,15,2.1907,0.809,7,26.1192,13.4226,4,1.7398,1.255,POINT (153.562 -27.345)
nrs_ind_map.fid--76d38584_1714ce21237_75f9,953,PHB20140211,Port Hacking,-34.1192,151.2267,2014-02-12T12:08:00Z,2014,2,12,12:08:00,21.9,0.4683,0.5598,2552.3523,1081.9888,0.6364,0.978,42,225.2104,60.2542,1.444,35.51,1.58,3.94,0.27,0.35,2081.1101,2329.05,-999,252982336,342201,0.894,66502480,21,21.3161,7.0015,8,3.8565,1.8546,9,15.8463,7.212,POINT (151.22667 -34.11923)
nrs_ind_map.fid--76d38584_1714ce21237_75fa,959,PHB20140120,Port Hacking,-34.1192,151.2267,2014-01-21T10:35:00Z,2014,1,21,10:35:00,22.54,0.4683,0.412,2010.597,486.6989,0.6423,0.973,45,283.4073,74.4503,1.3989,35.56,1.16,3.64,0.1,0.35,2069.8,2331.51,-999,150544416,267925,0.865,66352264,29,43.9479,13.0514,15,38.9021,14.3654,10,40.3256,17.5132,POINT (151.22667 -34.11923)
nrs_ind_map.fid--76d38584_1714ce21237_75fb,963,NSI20131212,North Stradbroke,-27.345,153.562,2013-12-12T10:48:00Z,2013,12,12,10:48:00,24.01,0.2905,0.56,3517.0293,2841.9138,0.6349,0.973,35,146.461,41.1945,3.5516,35.64,1.57,3.64,0.24,0.26,2057.6599,2332.6799,-999,70715824,1368558,0.75,8535407,39,24.8989,6.7964,27,79.8736,24.2347,5,28.9098,17.9627,POINT (153.562 -27.345)
nrs_ind_map.fid--76d38584_1714ce21237_75fc,965,PHB20131202,Port Hacking,-34.1192,151.2267,2013-12-02T10:05:00Z,2013,12,2,10:05:00,21.25,0.4333,0.316,913.5494,561.6855,0.5834,0.975,39,189.2178,51.6486,0.9919,35.52,1.1,3.14,0.08,0.31,2073.6499,2327.0701,-999,41905896,176626,0.483,65996096,23,5.9416,1.895,11,49.5426,20.6609,5,25.1655,15.6362,POINT (151.22667 -34.11923)
nrs_ind_map.fid--76d38584_1714ce21237_75fd,967,NSI20131121,North Stradbroke,-27.345,153.562,2013-11-22T10:08:00Z,2013,11,22,10:08:00,23.945,0.2905,0.3059,3562.0371,2829.0549,0.6085,0.946,45,206.4624,54.2371,4.7055,35.56,1.19,2.86,0.6,0.23,2048.8799,2328.73,-999,94967704,753141,0.95,2139282.5,34,21.5449,6.1097,27,82.7728,25.1143,4,22.2419,16.0441,POINT (153.562 -27.345)
nrs_ind_map.fid--76d38584_1714ce21237_75fe,970,PHB20131027,Port Hacking,-34.1192,151.2267,2013-10-27T11:25:00Z,2013,10,27,11:25:00,19.78,0.6616,0.4607,2323.3601,1386.2361,0.6142,0.982,41,176.8222,47.6151,2.8605,35.5,2.3,3.28,0.06,0.36,2072.8799,2329.51,-999,78880736,97186,0.059,66368212,17,7.8555,2.7726,8,29.2893,14.0852,6,3.1863,1.7783,POINT (151.22667 -34.11923)
nrs_ind_map.fid--76d38584_1714ce21237_75ff,971,PHB20131020,Port Hacking,-34.1192,151.2267,2013-10-21T10:16:00Z,2013,10,21,10:16:00,20.94,0.6616,0.4497,3525.7087,1439.2812,0.5427,0.987,38,171.7316,47.2103,1.4655,35.45,2.55,4.65,0.12,0.49,-999,-999,-999,56524868,114262,0.95,1198322.75,36,40.791,11.3829,20,71.9051,24.0025,7,65.6681,33.7467,POINT (151.22667 -34.11923)
nrs_ind_map.fid--76d38584_1714ce21237_7600,973,NSI20131016,North Stradbroke,-27.345,153.562,2013-10-16T10:50:00Z,2013,10,16,10:50:00,22.45,0.3278,0.3421,1853.1213,718.2851,0.6763,0.96,42,255.9283,68.4727,5.7763,35.57,1.37,2.57,1.52,0.21,2059.05,2327.6201,-999,45504420,2109795,0.983,761550.6875,37,12.89,3.5697,27,86.3107,26.1878,4,38.0887,27.4752,POINT (153.562 -27.345)
nrs_ind_map.fid--76d38584_1714ce21237_7601,978,PHB20130915,Port Hacking,-34.1192,151.2267,2013-09-16T10:10:00Z,2013,9,16,10:10:00,19.47,1.0352,0.6006,572.0659,151.0758,0.541,0.986,37,352.7591,97.6924,1.3877,35.49,1.12,2.91,-999,0.26,2070.3601,2326.22,-999,32067324,364998,0.969,1395002.625,29,30.7477,9.1313,19,32.3736,10.9948,3,28.0928,25.5711,POINT (151.22667 -34.11923)
nrs_ind_map.fid--76d38584_1714ce21237_7602,979,NSI20130913,North Stradbroke,-27.345,153.562,2013-09-13T10:30:00Z,2013,9,13,10:30:00,22.71,0.4833,0.2006,3652.052,2372.5479,0.7033,0.956,42,189.2139,50.6235,3.2941,35.57,0.74,0.1,0.06,0.13,2020.6899,2327.99,-999,66877196,1155104,0.951,1927069.625,35,19.3017,5.4289,19,56.0297,19.029,7,55.3208,28.4293,POINT (153.562 -27.345)
nrs_ind_map.fid--76d38584_1714ce21237_7603,982,PHB20130826,Port Hacking,-34.1192,151.2267,2013-08-27T10:00:00Z,2013,8,27,10:00:00,18.17,1.2361,0.5922,824.179,561.481,0.7196,0.986,40,150.7037,40.8535,4.8193,35.53,1.8,3.18,-999,0.31,2069,2330.47,-999,5568670.5,161055,0.843,1381879.75,33,17.1471,4.904,17,84.317,29.7602,8,52.4315,25.2142,POINT (151.22667 -34.11923)
nrs_ind_map.fid--76d38584_1714ce21237_7604,984,NSI20130819,North Stradbroke,-27.345,153.562,2013-08-19T10:10:00Z,2013,8,19,10:10:00,22.47,0.4833,0.5941,1552.764,993.3831,0.5919,0.954,53,468.8403,118.0871,1.6603,35.53,1.51,4.34,0.11,0.31,2054.8899,2329.9399,-999,108697072,594179,0.918,1896640.25,37,50.0889,13.8715,28,90.4269,27.1373,4,10.8877,7.8538,POINT (153.562 -27.345)
nrs_ind_map.fid--76d38584_1714ce21237_7605,988,NSI20130806,North Stradbroke,-27.345,153.562,2013-08-06T10:30:00Z,2013,8,6,10:30:00,21.865,0.384,0.3293,2339.3274,1477.7517,0.6479,0.978,41,225.5927,60.7482,4.3386,35.53,1.33,2.84,0.3,0.26,2044.64,2328.3701,-999,68299760,336566,0.918,1498888.25,38,41.6913,11.4613,26,89.5214,27.4766,5,37.8116,23.4937,POINT (153.562 -27.345)
nrs_ind_map.fid--76d38584_1714ce21237_7606,989,PHB20130725,Port Hacking,-34.1192,151.2267,2013-07-26T10:26:00Z,2013,7,26,10:26:00,17.97,0.6156,0.8138,2937.6702,1289.7462,0.7425,0.994,35,172.9906,48.6564,1.2387,35.55,1.19,2.25,0.11,0.24,2055.78,2330.54,-999,67991440,416234,0.704,66985060,41,18.0096,4.8497,24,94.0522,29.5943,9,57.4973,26.1681,POINT (151.22667 -34.11923)
nrs_ind_map.fid--76d38584_1714ce21237_7607,993,NSI20130706,North Stradbroke,-27.345,153.562,2013-07-07T09:40:00Z,2013,7,7,9:40:00,21.89,0.4009,0.2898,2481.8523,1941.7604,0.7016,0.956,43,182.3882,48.492,1.6748,35.52,1.27,1.23,0.58,0.17,2030.05,2331.22,-999,55173572,573538,0.885,7323472,46,32.306,8.438,28,112.0026,33.6122,7,44.2095,22.7192,POINT (153.562 -27.345)
nrs_ind_map.fid--76d38584_1714ce21237_7608,996,PHB20130611,Port Hacking,-34.1192,151.2267,2013-06-12T10:15:00Z,2013,6,12,10:15:00,19.9564,0.6003,0.51,584.199,468.2079,0.6829,0.963,51,195.7477,49.7854,-999,35.54,1.37,3,0.68,0.29,2069.6399,2329.5901,-999,10973195,156907,0.585,868061.375,25,22.3401,6.9404,8,12.6909,6.103,7,23.1312,11.8871,POINT (151.22667 -34.11923)
nrs_ind_map.fid--76d38584_1714ce21237_7609,999,NSI20130520,North Stradbroke,-27.345,153.562,2013-05-20T10:10:00Z,2013,5,20,10:10:00,24.095,0.4619,0.415,2751.8972,2067.1377,0.8349,0.966,50,217.8538,55.6883,3.5932,35.28,0.47,0.04,0.08,0.13,1994.29,2312.5701,-999,30621020,1566187,0.24,10556253,59,17.9755,4.4084,38,163.1034,44.8384,8,5.5459,2.667,POINT (153.562 -27.345)
nrs_ind_map.fid--76d38584_1714ce21237_760a,1002,PHB20130514,Port Hacking,-34.1192,151.2267,2013-05-15T09:40:00Z,2013,5,15,9:40:00,23.27,0.5944,0.9429,42.8513,34.4475,0.5705,0.96,39,283.0021,77.2478,0.229,35.41,1.63,3.1,0.56,0.38,2053.1699,2322.55,-999,10339540,175330,0.811,1315925.125,41,21.4117,5.7658,22,95.204,30.7999,9,78.3616,35.6639,POINT (151.22667 -34.11923)
nrs_ind_map.fid--76d38584_1714ce21237_760b,1008,PHB20130422,Port Hacking,-34.1192,151.2267,2013-04-23T09:32:00Z,2013,4,23,9:32:00,21.16,0.5944,0.5012,511.2507,392.0262,0.7656,0.981,28,142.6465,42.8084,0.3968,35.33,0.56,0.83,0.3,0.19,2021.9,2316.8201,-999,26427434,2443994,0.096,638066.8125,29,1.9638,0.5832,9,54.2952,24.7108,11,27.6248,11.5204,POINT (151.22667 -34.11923)
nrs_ind_map.fid--76d38584_1714ce21237_760c,1009,NSI20130418,North Stradbroke,-27.345,153.562,2013-04-18T10:20:00Z,2013,4,18,10:20:00,25.185,0.3703,0.3355,1074.8761,791.9712,0.6382,0.956,40,278.9085,75.6079,2.7911,35.37,0.67,1.77,0.09,0.21,2019.4301,2320.1499,-999,8535049,331202,0.56,1637369.125,39,18.9179,5.1638,19,97.0496,32.9603,6,38.0903,21.2586,POINT (153.562 -27.345)
nrs_ind_map.fid--76d38584_1714ce21237_760d,1012,NSI20130326,North Stradbroke,-27.345,153.562,2013-03-26T11:20:00Z,2013,3,26,11:20:00,26.275,0.2482,0.803,3227.6941,2481.8525,0.8699,0.949,46,235.9323,61.623,2.8181,34.94,2.11,2.83,0.29,0.25,2012.29,2295.9399,-999,29408180,2134362,0.995,5787911.5,46,3.9732,1.0378,33,109.2421,31.2432,3,45.7712,41.6628,POINT (153.562 -27.345)
nrs_ind_map.fid--76d38584_1714ce21237_760e,1014,PHB20130319,Port Hacking,-34.1192,151.2267,2013-03-20T09:27:00Z,2013,3,20,9:27:00,24.17,0.4113,0.5212,276.6813,207.3692,0.7075,0.969,54,314.3378,78.8015,0.6442,35.42,2.17,4.27,0.05,0.41,2065.6799,2323.3301,-999,9154836,15857,0.982,1259847.25,28,74.1907,22.2647,24,73.0577,22.9882,3,29.704,27.0377,POINT (151.22667 -34.11923)
nrs_ind_map.fid--76d38584_1714ce21237_760f,1017,PHB20130227,Port Hacking,-34.1192,151.2267,2013-02-28T08:03:00Z,2013,2,28,8:03:00,23.24,0.5684,0.6335,421.9472,195.6229,0.8528,0.994,33,166.5449,47.6318,0.5676,35.36,3.85,8.23,0.21,0.74,2108.53,2320.3501,-999,30041424,220286,0.993,475781.6875,28,50.6472,15.1993,21,40.7863,13.3966,2,19.2349,27.7501,POINT (151.22667 -34.11923)
nrs_ind_map.fid--76d38584_1714ce21237_7610,1025,PHB20130125,Port Hacking,-34.1192,151.2267,2013-01-25T11:38:00Z,2013,1,25,11:38:00,22.87,0.4683,0.22,4031.4026,1584.2706,0.711,0.991,28,122.1601,36.6604,4.3696,-999,-999,-999,-999,-999,-999,-999,-999,-999,-999,-999,-999,-999,-999,-999,-999,-999,-999,-999,-999,-999,POINT (151.22667 -34.11923)
nrs_ind_map.fid--76d38584_1714ce21237_7611,1027,NSI20130123,North Stradbroke,-27.345,153.562,2013-01-23T10:25:00Z,2013,1,23,10:25:00,27.12,0.2561,0.2011,2266.4575,1745.6544,0.7585,0.943,49,309.9283,79.6358,3.6307,35.45,0.74,0.57,0.17,0.16,2006.8101,2319.3701,-999,16463267,50101,0.986,2445994.5,24,48.4206,15.2359,19,52.219,17.7348,3,24.9335,22.6954,POINT (153.562 -27.345)
nrs_ind_map.fid--76d38584_1714ce21237_7612,1028,NSI20130111,North Stradbroke,-27.345,153.562,2013-01-11T10:40:00Z,2013,1,11,10:40:00,26.565,0.2197,0.144,5156.5947,3626.3335,0.7621,0.917,52,239.6171,60.6435,4.6513,35.54,1.74,0.9,0.12,0.19,2020.46,2327.6799,-999,7593213.5,318947,0.95,1093174.875,24,23.0228,7.2443,12,2.3157,0.9319,4,7.9448,5.731,POINT (153.562 -27.345)
nrs_ind_map.fid--76d38584_1714ce21237_7613,1031,PHB20121218,Port Hacking,-34.1192,151.2267,2012-12-19T09:31:00Z,2012,12,19,9:31:00,21.04,0.4225,0.3138,2277.3904,795.6726,0.5607,0.994,36,177.6958,49.587,0.7851,35.45,2,3.81,0.15,0.42,2083.1599,2325.3501,-999,161456816,573270,0.996,65653008,17,8.4325,2.9763,8,4.2268,2.0327,5,19.3534,12.0249,POINT (151.22667 -34.11923)
nrs_ind_map.fid--76d38584_1714ce21237_7614,1036,PHB20121120,Port Hacking,-34.1192,151.2267,2012-11-21T09:30:00Z,2012,11,21,9:30:00,19.76,0.4333,0.3358,10690.2891,1251.8567,0.8415,0.983,29,117.1001,34.7757,10.0892,35.42,1.27,3.57,0.52,0.35,2086.8201,2325.1899,-999,556901504,363185,0.965,65873680,28,35.6344,10.6939,13,19.7574,7.7028,8,53.5547,25.7544,POINT (151.22667 -34.11923)
nrs_ind_map.fid--76d38584_1714ce21237_7615,1037,NSI20121114,North Stradbroke,-27.345,153.562,2012-11-14T11:05:00Z,2012,11,14,11:05:00,24.335,0.2623,0.2505,2890.136,1906.3962,0.7154,0.974,46,257.1676,67.1694,6.2988,35.49,0.67,1.77,0.2,0.24,2027.53,2322.9099,-999,51914872,216656,0.982,1437661,36,74.735,20.8552,25,77.2933,24.0125,3,30.8182,28.0519,POINT (153.562 -27.345)
nrs_ind_map.fid--76d38584_1714ce21237_7616,1044,NSI20121017,North Stradbroke,-27.345,153.562,2012-10-17T10:40:00Z,2012,10,17,10:40:00,22.31,0.2623,0.3919,3979.9646,1980.3376,0.5815,0.954,40,205.7135,55.7659,7.0058,35.53,1.44,2.89,0.25,0.34,2054.6399,2324.3799,-999,18517576,292982,0.972,7935466,41,17.9111,4.8232,27,96.4378,29.2605,8,70.8566,34.0748,POINT (153.562 -27.345)
nrs_ind_map.fid--76d38584_1714ce21237_7617,1045,PHB20121009,Port Hacking,-34.1192,151.2267,2012-10-10T10:47:00Z,2012,10,10,10:47:00,18.37,1.0352,1.7357,2079.7478,769.5416,0.4932,0.989,36,228.4455,63.7489,3.1632,35.45,1.97,3.85,0.25,0.37,-999,-999,-999,107618776,332531,0.967,569492.875,24,38.0396,11.9695,12,22.895,9.2136,4,15.8461,11.4305,POINT (151.22667 -34.11923)
nrs_ind_map.fid--76d38584_1714ce21237_7618,1048,PHB20120917,Port Hacking,-34.1192,151.2267,2012-09-18T15:20:00Z,2012,9,18,15:20:00,18.12,1.0352,0.4596,517.3136,392.0268,0.8572,0.983,36,251.0756,70.064,17.6672,35.43,2.4,6.02,0.58,0.51,2097.6899,2324.3301,-999,17274654,131722,0.969,1265295,21,23.2279,7.6294,8,9.3851,4.5133,6,35.3622,19.736,POINT (151.22667 -34.11923)
nrs_ind_map.fid--76d38584_1714ce21237_7619,1050,NSI20120912,North Stradbroke,-27.345,153.562,2012-09-12T10:30:00Z,2012,9,12,10:30:00,21.7,0.4833,0.3119,2211.8064,1332.2274,0.6293,0.96,43,217.9296,57.9415,6.1273,35.5,1.4,3.46,0.12,0.36,2052.95,2327.3999,-999,42593120,126610,0.917,2032479.875,35,70.3362,19.7832,22,76.3352,24.6956,5,23.7593,14.7625,POINT (153.562 -27.345)
nrs_ind_map.fid--76d38584_1714ce21237_761a,1054,PHB20120821,Port Hacking,-34.1192,151.2267,2012-08-22T09:19:00Z,2012,8,22,9:19:00,18.06,1.2361,0.379,693.1198,480.9404,0.6932,0.977,44,269.8024,71.2973,4.5266,35.44,1.78,5.12,0.13,0.39,2079.5901,2322.3999,-999,8118577,103657,0.707,1300539.75,32,40.2647,11.6179,18,57.7024,19.9637,8,23.9591,11.5219,POINT (151.22667 -34.11923)
nrs_ind_map.fid--76d38584_1714ce21237_761b,1055,NSI20120821,North Stradbroke,-27.345,153.562,2012-08-21T10:30:00Z,2012,8,21,10:30:00,21.215,0.4833,0.3385,2263.2424,1864.6033,0.6378,0.961,45,263.3367,69.1778,4.4991,35.49,0.77,1.89,0.22,0.21,2031.7,2328.1201,-999,24752458,167944,0.951,2036763.625,35,45.1341,12.6947,23,67.2724,21.4551,3,23.0714,21.0005,POINT (153.562 -27.345)
nrs_ind_map.fid--76d38584_1714ce21237_761c,1058,NSI20120806,North Stradbroke,-27.345,153.562,2012-08-06T10:15:00Z,2012,8,6,10:15:00,21.88,0.384,0.2358,1645.9946,1392.0228,0.7429,0.948,51,287.3291,73.0778,2.368,35.46,0.73,1.21,0.17,0.18,2030.87,2321.29,-999,24493504,133743,0.892,2019574.5,40,53.5502,14.5167,28,81.406,24.4301,5,27.2972,16.9607,POINT (153.562 -27.345)
nrs_ind_map.fid--76d38584_1714ce21237_761d,1063,PHB20120717,Port Hacking,-34.1192,151.2267,2012-07-17T10:00:00Z,2012,7,17,10:00:00,16.92,0.6156,2.736,339.8405,278.3081,0.5656,0.964,48,237.6189,61.3812,1.3487,35.43,2.98,3.42,0.14,0.18,2069.45,2323.3701,-999,114324424,217695,0.991,1937372.75,28,35.824,10.7508,19,22.2384,7.5527,3,12.4617,11.3431,POINT (151.22667 -34.11923)
nrs_ind_map.fid--76d38584_1714ce21237_761e,1064,PHB20120628,Port Hacking,-34.1192,151.2267,2012-06-28T10:00:00Z,2012,6,28,10:00:00,19.62,0.6314,0.3073,1075.0408,918.0282,0.597,0.97,43,159.0424,42.285,1.2353,-999,-999,-999,-999,-999,-999,-999,-999,-999,-999,-999,-999,-999,-999,-999,-999,-999,-999,-999,-999,-999,POINT (151.22667 -34.11923)
nrs_ind_map.fid--76d38584_1714ce21237_761f,1066,NSI20120620,North Stradbroke,-27.345,153.562,2012-06-20T10:20:00Z,2012,6,20,10:20:00,21.685,0.4009,0.6016,3189.1155,2841.9133,0.7656,0.957,50,252.1402,64.4526,2.4655,35.41,0.21,0.83,0.14,0.09,2018.14,2322.46,-999,5521645.5,145761,0.604,1332549.125,33,17.3703,4.9679,21,81.6744,26.8267,4,9.4227,6.797,POINT (153.562 -27.345)
nrs_ind_map.fid--76d38584_1714ce21237_7620,1072,PHB20120517,Port Hacking,-34.1192,151.2267,2012-05-18T10:16:00Z,2012,5,18,10:16:00,20.97,0.6003,0.9547,164.792,135.4405,0.7525,0.952,53,343.551,86.5304,1.8029,35.49,2.47,1.55,0.2,0.11,2036.9399,2322.98,-999,36646444,258584,0.955,3524334,56,104.6324,25.9934,44,160.5687,42.4315,5,31.3856,19.5009,POINT (151.22667 -34.11923)
nrs_ind_map.fid--76d38584_1714ce21237_7621,1073,NSI20120511,North Stradbroke,-27.345,153.562,2012-05-11T10:05:00Z,2012,5,11,10:05:00,24.64,0.3703,0.3609,2681.1716,2189.3018,0.7547,0.976,42,242.668,64.9249,3.92,35.29,1,1.13,0.18,0.16,2009.0699,2310.72,-999,23916384,319311,0.946,2712371,30,22.8767,6.7261,25,52.8211,16.4098,1,1,1,POINT (153.562 -27.345)
nrs_ind_map.fid--76d38584_1714ce21237_7622,1083,PHB20120311,Port Hacking,-34.1192,151.2267,2012-03-12T09:00:00Z,2012,3,12,9:00:00,21.32,0.5684,0.3399,1647.9254,1121.0137,0.657,0.984,48,276.2147,71.3512,1.4122,35.22,3.45,2.75,0.18,0.28,2062.1399,2307.74,-999,11150028,243799,0.567,707563.875,25,35.5877,11.0559,4,2.7478,1.9821,14,21.3955,8.1072,POINT (151.22667 -34.11923)
nrs_ind_map.fid--76d38584_1714ce21237_7623,1085,NSI20120229,North Stradbroke,-27.345,153.562,2012-03-01T10:00:00Z,2012,3,1,10:00:00,26.46,0.2848,1.0188,1649.2094,1121.9766,0.7187,0.964,44,211.1701,55.8032,2.9095,35.3,3.57,2.99,0.1,0.17,2034.27,2314.03,-999,5171589.5,442146,0.8,1411615.5,22,17.0083,5.5024,12,21.6951,8.7308,3,5.6042,5.1012,POINT (153.562 -27.345)
nrs_ind_map.fid--76d38584_1714ce21237_7624,1090,NSI20120213,North Stradbroke,-27.345,153.562,2012-02-14T08:00:00Z,2012,2,14,8:00:00,26.64,0.2561,0.1697,2436.844,1510.9716,0.6281,0.931,48,279.9998,72.3289,2.1547,35.35,1.83,0.11,0.1,0.11,1995.14,2314.8301,-999,36379108,414457,0.973,1631066.25,32,57.3752,16.555,19,51.3328,17.4338,5,36.8721,22.9099,POINT (153.562 -27.345)
nrs_ind_map.fid--76d38584_1714ce21237_7625,1091,PHB20120212,Port Hacking,-34.1192,151.2267,2012-02-13T10:00:00Z,2012,2,13,10:00:00,23,0.4683,0.6468,827.722,286.1601,0.8409,0.907,48,340.5048,87.9584,4.0327,35.1,4.5,5.2,0.46,0.45,2077.7,2307.54,-999,45152344,302300,0.836,67450272,33,36.6704,10.4877,20,59.2211,19.7685,7,14.8538,7.6333,POINT (151.22667 -34.11923)
nrs_ind_map.fid--76d38584_1714ce21237_7626,1099,NSI20111220,North Stradbroke,-27.345,153.562,2011-12-21T09:15:00Z,2011,12,21,9:15:00,24.965,0.2029,0.1952,2629.7351,1941.7604,0.7247,0.96,40,186.8613,50.6553,1.9477,35.48,1.3,0.63,0.34,0.11,2021.64,2325.0801,-999,62125872,6866798,0.16,3136158.5,29,2.144,0.6367,12,63.6349,25.6086,11,18.5051,7.7172,POINT (153.562 -27.345)
nrs_ind_map.fid--76d38584_1714ce21237_7627,1103,PHB20111206,Port Hacking,-34.1192,151.2267,2011-12-07T10:45:00Z,2011,12,7,10:45:00,19,0.4333,0.2405,860.9753,405.4974,0.5692,0.991,23,81.2339,25.9079,10.4793,35.48,0.62,0.8,0.44,0.15,2053.6101,2328.75,-999,54762712,321688,0.648,68839416,38,46.1329,12.6823,24,84.2482,26.5094,7,17.5926,9.0408,POINT (151.22667 -34.11923)
nrs_ind_map.fid--76d38584_1714ce21237_7628,1106,PHB20111117,Port Hacking,-34.1192,151.2267,2011-11-18T10:16:00Z,2011,11,18,10:16:00,19.68,0.4333,0.5576,1223.5067,233.3373,0.6285,0.992,37,304.5333,84.3368,1.5461,35.4,1.37,3.21,0.69,0.33,2071.73,2325.3899,-999,128989872,601457,0.822,68791504,38,59.0133,16.2232,17,41.3426,14.5921,13,47.2022,18.4028,POINT (151.22667 -34.11923)
nrs_ind_map.fid--76d38584_1714ce21237_7629,1107,NSI20111116,North Stradbroke,-27.345,153.562,2011-11-16T10:10:00Z,2011,11,16,10:10:00,23.765,0.2905,0.553,3243.7668,2198.946,0.5624,0.974,45,344.7781,90.5723,5.5006,35.53,1.53,4.16,0.3,0.15,2057.75,2327.5701,-999,47222280,608246,0.966,1643376.75,38,73.3047,20.152,28,88.0654,26.4286,4,2.2158,1.5984,POINT (153.562 -27.345)
nrs_ind_map.fid--76d38584_1714ce21237_762a,1114,PHB20111018,Port Hacking,-34.1192,151.2267,2011-10-19T09:31:00Z,2011,10,19,9:31:00,19.25,0.6616,1.8944,3988.9666,1209.4207,0.7534,0.996,32,146.5977,42.2992,2.6562,35.42,2.36,4.54,0.14,0.4,2084.1101,2323.8301,-999,78486840,631875,0.571,67880688,46,49.062,12.8145,29,110.3705,32.7772,9,14.0916,6.4134,POINT (151.22667 -34.11923)
nrs_ind_map.fid--76d38584_1714ce21237_762b,1115,NSI20111013,North Stradbroke,-27.345,153.562,2011-10-13T10:30:00Z,2011,10,13,10:30:00,21.845,0.3278,0.1936,2260.0276,1613.8461,0.5848,0.979,45,321.277,84.3986,3.2314,35.52,1.2,3.64,0.11,0.28,2050.52,2326.74,-999,20794956,311784,0.925,1363298.25,39,49.7553,13.5811,29,93.105,27.6498,3,8.7113,7.9294,POINT (153.562 -27.345)
nrs_ind_map.fid--76d38584_1714ce21237_762c,1119,NSI20110915,North Stradbroke,-27.345,153.562,2011-09-15T11:10:00Z,2011,9,15,11:10:00,20.945,0.4833,0.3079,1887.1072,1456.3195,0.6424,0.976,38,235.0443,64.6154,2.9738,35.56,1.24,2.47,0.15,0.25,2041.45,2328.5601,-999,52858236,384423,0.911,2859719.25,41,72.1497,19.4286,30,90.6808,26.6614,4,6.3737,4.5977,POINT (153.562 -27.345)
nrs_ind_map.fid--76d38584_1714ce21237_762d,1120,PHB20110914,Port Hacking,-34.1192,151.2267,2011-09-15T09:43:00Z,2011,9,15,9:43:00,17.37,1.2361,0.6595,499.5056,388.1115,0.7423,0.971,43,313.3613,83.3142,0.4586,35.55,0.51,1.19,0.1,0.17,2061.4399,2333.53,-999,38446020,522752,0.945,1040983.688,38,70.4292,19.3615,22,46.9591,15.192,10,38.1388,16.5635,POINT (151.22667 -34.11923)
nrs_ind_map.fid--76d38584_1714ce21237_762e,1122,PHB20110829,Port Hacking,-34.1192,151.2267,2011-08-29T09:30:00Z,2011,8,29,9:30:00,18.04,1.2361,0.479,411.3917,322.9836,0.6607,0.949,35,227.9509,64.115,1.1322,35.5,1.5,4.04,0.15,0.35,2070.21,2327.5601,-999,23900740,443177,0.775,1660030.75,40,57.9148,15.6998,29,110.5869,32.8414,3,7.2183,6.5704,POINT (151.22667 -34.11923)
nrs_ind_map.fid--76d38584_1714ce21237_762f,1125,NSI20110816,North Stradbroke,-27.345,153.562,2011-08-16T10:00:00Z,2011,8,16,10:00:00,20.095,0.384,0.3134,1826.0247,1176.6284,0.8046,0.963,54,291.6969,73.1256,5.321,-999,0.51,0.57,0.12,0.12,2029.8101,2334.1699,-999,9655437,452113,0.594,522362.5938,30,31.9147,9.3834,17,68.9902,24.3505,5,5.88,3.6535,POINT (153.562 -27.345)
nrs_ind_map.fid--76d38584_1714ce21237_7630,1128,NSI20110727,North Stradbroke,-27.345,153.562,2011-07-28T10:00:00Z,2011,7,28,10:00:00,20.55,0.384,0.6071,1500.8674,1181.2211,0.664,0.919,45,194.1806,51.0107,2.0263,35.61,0.96,1.34,0.2,0.16,2033.72,2332.47,-999,16474100,229454,0.794,1592517.75,44,54.1695,14.3147,29,111.8174,33.2069,6,9.3936,5.2427,POINT (153.562 -27.345)
nrs_ind_map.fid--76d38584_1714ce21237_7631,1133,PHB20110717,Port Hacking,-34.1192,151.2267,2011-07-18T09:38:00Z,2011,7,18,9:38:00,18.68,0.6156,0.6149,59.8058,46.8176,0.5996,0.978,41,355.072,95.6147,0.1287,35.42,1.97,6.4,0.78,0.47,2078.9099,2323.5,-999,41513304,432487,0.922,10660549,48,69.7972,18.0299,32,135.4762,39.0902,8,50.9965,24.5241,POINT (151.22667 -34.11923)
nrs_ind_map.fid--76d38584_1714ce21237_7632,1136,NSI20110623,North Stradbroke,-27.345,153.562,2011-06-23T10:25:00Z,2011,6,23,10:25:00,21.555,0.4009,0.6104,1613.8462,1440.2452,0.6373,0.969,41,222.4173,59.8931,2.0863,35.51,1,1.7,0.04,0.17,2031.97,2327.5,-999,49107268,381048,0.986,1761556.25,43,82.5589,21.9501,29,95.6977,28.4197,7,46.9136,24.1088,POINT (153.562 -27.345)
nrs_ind_map.fid--76d38584_1714ce21237_7633,1138,PHB20110619,Port Hacking,-34.1192,151.2267,2011-06-20T10:25:00Z,2011,6,20,10:25:00,20.09,0.6314,0.6096,357.8765,316.8548,0.6629,0.984,44,160.5133,42.4168,0.4249,35.51,0.81,2.23,0.39,0.26,-999,-999,-999,14840135,424499,0.537,2972884,45,45.2189,11.8789,29,125.7824,37.3541,9,24.2561,11.0394,POINT (151.22667 -34.11923)
nrs_ind_map.fid--76d38584_1714ce21237_7634,1140,NSI20110606,North Stradbroke,-27.345,153.562,2011-06-06T10:00:00Z,2011,6,6,10:00:00,23.845,0.4619,0.2322,1832.4545,1498.1121,0.5784,0.959,49,285.4214,73.3388,1.7781,35.4,1.07,1.04,0.15,0.12,2010.4399,2320.05,-999,11696136,341671,0.781,4396664,44,44.683,11.8078,29,113.6829,33.7609,6,18.0982,10.1008,POINT (153.562 -27.345)
nrs_ind_map.fid--76d38584_1714ce21237_7635,1144,PHB20110517,Port Hacking,-34.1192,151.2267,2011-05-18T09:25:00Z,2011,5,18,9:25:00,20.52,0.6003,0.7942,90.1752,79.7432,0.6953,0.977,52,331.2921,83.845,0.0601,35.49,0.68,1.35,0.63,0.2,2030.6801,2325.0901,-999,9697008,200384,0.88,1071181,32,43.5678,12.571,20,65.791,21.9616,4,10.9207,7.8776,POINT (151.22667 -34.11923)
nrs_ind_map.fid--76d38584_1714ce21237_7636,1148,PHB20110420,Port Hacking,-34.1192,151.2267,2011-04-21T09:36:00Z,2011,4,21,9:36:00,22.76,0.5944,0.2357,630.6441,488.0123,0.7559,0.958,53,268.1009,67.5267,0.1899,35.43,0.73,2.71,0.03,0.2,2046.74,2323.28,-999,11742346,353813,0.839,573865.5,23,28.5896,9.1181,11,42.4747,17.7133,4,7.5688,5.4598,POINT (151.22667 -34.11923)
nrs_ind_map.fid--76d38584_1714ce21237_7637,1150,NSI20110412,North Stradbroke,-27.345,153.562,2011-04-13T10:00:00Z,2011,4,13,10:00:00,25.285,0.2482,0.1754,5767.4136,4275.73,0.7867,0.945,54,203.6136,51.044,3.1504,35.4,1.03,2.03,0.14,0.11,2022.48,2321.1899,-999,19802282,268915,0.869,2184064.5,47,62.6646,16.2759,32,120.9632,34.9026,6,17.8199,9.9455,POINT (153.562 -27.345)
nrs_ind_map.fid--76d38584_1714ce21237_7638,1152,PHB20110329,Port Hacking,-34.1192,151.2267,2011-03-30T09:33:00Z,2011,3,30,9:33:00,23.74,0.4113,-999,1165.2177,960.1113,0.7473,0.94,53,298.985,75.3055,1.0847,35.48,1.17,2.84,0.17,0.27,2057.74,2326.9399,-999,18387154,338014,0.859,7920740.5,33,39.5287,11.3052,19,67.5918,22.9557,6,15.6758,8.7488,POINT (151.22667 -34.11923)
nrs_ind_map.fid--76d38584_1714ce21237_7639,1156,NSI20110323,North Stradbroke,-27.345,153.562,2011-03-23T10:20:00Z,2011,3,23,10:20:00,27.435,0.2482,0.4495,1438.1019,1125.1917,0.772,0.951,32,154.1676,44.4834,1.9704,35.29,1.23,1.33,0.1,0.12,2000.72,2308.6101,-999,8227333,335223,0.168,681924.3125,32,35.9999,10.3874,17,67.2239,23.7271,7,6.343,3.2597,POINT (153.562 -27.345)
nrs_ind_map.fid--76d38584_1714ce21237_763a,1158,PHB20110228,Port Hacking,-34.1192,151.2267,2011-03-01T09:30:00Z,2011,3,1,9:30:00,23.34,0.5684,-999,2390.5505,1690.3596,0.625,0.99,31,99.8992,29.0913,0.4249,35.46,1.71,3.38,0.02,0.32,2067.8899,2324.2,-999,16645772,414064,0.81,546720.375,24,26.6143,8.3744,10,40.521,17.5981,6,19.1124,10.6668,POINT (151.22667 -34.11923)
nrs_ind_map.fid--76d38584_1714ce21237_763b,1162,NSI20110220,North Stradbroke,-27.345,153.562,2011-02-21T09:40:00Z,2011,2,21,9:40:00,27.945,0.2848,0.1486,5195.1733,4256.4414,0.6833,0.947,50,222.7669,56.9442,2.2769,35.33,1.14,2.16,0.28,0.2,2019.4,2319.4399,-999,57212856,394837,0.969,1926607.25,42,87.7919,23.4884,30,85.6979,25.1964,3,6.7385,6.1336,POINT (153.562 -27.345)
nrs_ind_map.fid--76d38584_1714ce21237_763c,1165,PHB20110203,Port Hacking,-34.1192,151.2267,2011-02-04T10:14:00Z,2011,2,4,10:14:00,24.17,0.4683,0.5536,1052.8589,645.0035,0.7087,0.985,43,253.8292,67.4862,3.4113,35.47,1.1,2.85,0.15,0.29,2059.1201,2325.45,-999,70581544,530976,0.979,66997320,37,49.0936,13.5959,21,27.6473,9.081,7,28.5339,14.6635,POINT (151.22667 -34.11923)
nrs_ind_map.fid--76d38584_1714ce21237_763d,1169,NSI20110119,North Stradbroke,-27.345,153.562,2011-01-19T10:00:00Z,2011,1,19,10:00:00,26.76,0.2561,0.1697,2564.3652,1831.3835,0.7645,0.968,38,223.0711,61.3239,4.3886,35.12,1.33,2.27,0.23,0.21,2008.1801,2300.1699,-999,56190496,472981,0.984,1111865.5,34,61.3112,17.3865,24,81.16,25.5376,2,20.3383,29.342,POINT (153.562 -27.345)
nrs_ind_map.fid--76d38584_1714ce21237_763e,1171,NSI20101215,North Stradbroke,-27.345,153.562,2010-12-16T08:30:00Z,2010,12,16,8:30:00,25.93,0.2905,0.3434,5111.5869,3658.4817,0.7366,0.972,42,138.863,37.1523,3.8513,35.43,1.04,2.94,0.13,0.24,2032.1899,2320.99,-999,29138008,357061,0.962,1157401.625,32,44.6272,12.8767,22,69.9191,22.6199,2,19.1504,27.6282,POINT (153.562 -27.345)
nrs_ind_map.fid--76d38584_1714ce21237_763f,1175,PHB20101213,Port Hacking,-34.1192,151.2267,2010-12-14T09:30:00Z,2010,12,14,9:30:00,20.63,0.4333,1.4223,7299.9707,771.9279,0.8965,0.996,35,156.2912,43.9595,7.5207,35.29,3.23,7.89,0.14,0.61,2093.98,2318.03,-999,296746848,539925,0.891,66494408,31,41.364,12.0455,17,61.777,21.8046,7,23.6303,12.1436,POINT (151.22667 -34.11923)
nrs_ind_map.fid--76d38584_1714ce21237_7640,1179,NSI20101115,North Stradbroke,-27.345,153.562,2010-11-16T09:30:00Z,2010,11,16,9:30:00,25.215,0.2905,0.1339,1727.4373,1118.7618,0.7394,0.919,34,293.1458,83.1299,10.5517,35.41,1.21,0.6,0.11,0.09,2018.08,2317.05,-999,24988000,190188,0.626,66530276,35,42.1018,11.8418,18,77.2323,26.7205,8,8.7517,4.2087,POINT (153.562 -27.345)
nrs_ind_map.fid--76d38584_1714ce21237_7641,1180,PHB20101110,Port Hacking,-34.1192,151.2267,2010-11-11T09:10:00Z,2010,11,11,9:10:00,19.76,0.6616,0.4633,1260.9506,250.5741,0.9722,0.991,33,174.3962,49.8773,3.3381,35.37,2.83,7.17,0.14,0.54,2094.28,2321.03,-999,85907168,459427,0.533,67194992,30,42.5821,12.5197,15,54.0341,19.9531,9,14.3166,6.5158,POINT (151.22667 -34.11923)
nrs_ind_map.fid--76d38584_1714ce21237_7642,1184,NSI20101018,North Stradbroke,-27.345,153.562,2010-10-18T10:20:00Z,2010,10,18,10:20:00,21.815,0.2623,0.4893,6442.5283,4198.5737,0.7275,0.965,37,165.8366,45.9264,8.122,35.44,1.53,2.76,0.15,0.39,2038.14,2320.54,-999,57668828,358038,0.897,1116323.625,31,41.7577,12.1601,21,71.3135,23.4235,3,6.8708,6.254,POINT (153.562 -27.345)
nrs_ind_map.fid--76d38584_1714ce21237_7643,1188,NSI20100916,North Stradbroke,-27.345,153.562,2010-09-16T12:45:00Z,2010,9,16,12:45:00,21.535,0.3278,0.731,1386.6647,943.0176,0.6919,0.945,39,293.4557,80.1012,4.3365,35.51,1.04,2.6,0.28,0.38,2025.8199,2324.97,-999,68009400,401953,0.961,1414620.75,31,55.0303,16.0252,20,61.8283,20.6388,4,12.3877,8.9358,POINT (153.562 -27.345)
nrs_ind_map.fid--76d38584_1714ce21237_7644,1190,PHB20100908,Port Hacking,-34.1192,151.2267,2010-09-09T09:30:00Z,2010,9,9,9:30:00,17.43,1.2361,1.9787,2319.8257,1782.3052,0.7512,0.986,52,254.5211,64.4155,21.9485,35.49,1.52,3.52,0.11,0.45,2072.1599,2328.23,-999,135598080,1324253,0.96,67294664,35,37.0626,10.4245,22,74.1866,24.0005,6,26.8834,15.0039,POINT (151.22667 -34.11923)
nrs_ind_map.fid--76d38584_1714ce21237_7645,1192,PHB20100817,Port Hacking,-34.1192,151.2267,2010-08-18T09:30:00Z,2010,8,18,9:30:00,17.34,1.2361,0.6318,2036.9189,1464.0355,0.674,0.981,38,146.7925,40.3544,21.6485,35.56,1.11,2.53,0.11,0.19,2056.3701,2331.3201,-999,15154330,222379,0.401,6416819,33,40.5601,11.6002,17,79.0038,27.8849,8,8.5641,4.1185,POINT (151.22667 -34.11923)
nrs_ind_map.fid--76d38584_1714ce21237_7646,1193,NSI20100817,North Stradbroke,-27.345,153.562,2010-08-18T08:25:00Z,2010,8,18,8:25:00,21.295,0.4833,0.5295,5561.6636,2301.8215,0.7579,0.965,40,169.315,45.8988,5.7199,35.51,0.87,1.87,0.22,0.26,2032.65,2327.48,-999,37517940,325191,0.891,1421657.25,32,50.7003,14.629,21,71.9456,23.6311,5,9.9685,6.1938,POINT (153.562 -27.345)
nrs_ind_map.fid--76d38584_1714ce21237_7647,1198,NSI20100711,North Stradbroke,-27.345,153.562,2010-07-12T08:45:00Z,2010,7,12,8:45:00,20.92,0.4009,0.3586,3947.8169,3124.8191,0.6291,0.992,29,116.0214,34.4553,5.9309,35.47,0.61,0.23,0.23,0.16,2010.33,2324.74,-999,62245600,770249,0.936,1096541.25,29,46.0448,13.6741,19,57.3222,19.468,3,7.4371,6.7695,POINT (153.562 -27.345)
nrs_ind_map.fid--76d38584_1714ce21237_7648,1199,PHB20100702,Port Hacking,-34.1192,151.2267,2010-07-02T09:42:00Z,2010,7,2,9:42:00,19.49,0.6314,0.3625,1729.2594,1372.0913,0.753,0.981,30,136.932,40.2599,18.294,35.46,1.98,4.06,0.5,0.25,2061.8,2326.73,-999,5697336,230636,0.277,493685.8125,29,34.3428,10.1989,16,64.5156,23.2691,6,8.0313,4.4823,POINT (151.22667 -34.11923)
nrs_ind_map.fid--76d38584_1714ce21237_7649,1201,NSI20100618,North Stradbroke,-27.345,153.562,2010-06-18T12:30:00Z,2010,6,18,12:30:00,21.59,0.4009,0.6331,4420.3975,2986.5808,0.7514,0.957,44,232.001,61.308,7.0121,35.52,0.26,0.21,0.19,0.04,2014.35,2328.6699,-999,37051424,598456,0.982,753575.375,25,38.8129,12.0579,15,45.4425,16.7805,2,0.6497,0.9374,POINT (153.562 -27.345)
nrs_ind_map.fid--76d38584_1714ce21237_764a,1204,PHB20100609,Port Hacking,-34.1192,151.2267,2010-06-09T10:50:00Z,2010,6,9,10:50:00,19.64,0.6003,0.4162,1013.1556,848.7167,0.6536,0.977,41,213.0687,57.3757,3.1449,35.34,1.59,3.37,0.16,0.18,2047.7,2319.1499,-999,-999,-999,-999,-999,-999,-999,-999,-999,-999,-999,-999,-999,-999,POINT (151.22667 -34.11923)
nrs_ind_map.fid--76d38584_1714ce21237_764b,1207,NSI20100520,North Stradbroke,-27.345,153.562,2010-05-21T08:21:00Z,2010,5,21,8:21:00,24.005,0.4619,0.5512,3275.9163,2382.1919,0.7146,0.934,48,246.9489,63.7913,5.1165,35.23,0.57,0.16,0.13,0.01,1982.49,2309.48,-999,48897744,540240,0.964,835027,28,43.0036,12.9054,17,54.08,19.0879,3,11.8998,10.8317,POINT (153.562 -27.345)
nrs_ind_map.fid--76d38584_1714ce21237_764c,1209,PHB20100510,Port Hacking,-34.1192,151.2267,2010-05-11T09:13:00Z,2010,5,11,9:13:00,22.49,0.5944,0.6131,1690.3599,1326.1191,0.7227,0.981,31,137.0773,39.9178,5.7249,35.43,1.94,4.65,0.09,0.42,2061.5601,2321.79,-999,7043680,250275,0.256,856435.1875,28,30.1164,9.038,16,55.0354,19.8498,5,1.7751,1.103,POINT (151.22667 -34.11923)
nrs_ind_map.fid--76d38584_1714ce21237_764d,1213,PHB20100413,Port Hacking,-34.1192,151.2267,2010-04-14T09:18:00Z,2010,4,14,9:18:00,21.28,0.4113,0.3839,2440.0588,1732.7953,0.7408,0.953,47,201.9275,52.4467,16.7203,35.42,1.41,2.51,0.07,0.28,2052.4099,2320.9299,-999,-999,-999,-999,-999,-999,-999,-999,-999,-999,-999,-999,-999,-999,POINT (151.22667 -34.11923)
nrs_ind_map.fid--76d38584_1714ce21237_764e,1215,NSI20100411,North Stradbroke,-27.345,153.562,2010-04-12T08:35:00Z,2010,4,12,8:35:00,25.685,0.2482,0.4261,1739.225,1372.734,0.7352,0.925,49,305.2824,78.4421,5.5214,35.36,1.3,3.29,0.05,0.3,2033.4,2318.29,-999,28576072,288614,0.957,1166054.875,30,49.1868,14.4616,20,64.4838,21.5252,3,9.9985,9.1011,POINT (153.562 -27.345)
nrs_ind_map.fid--76d38584_1714ce21237_764f,1217,NSI20100322,North Stradbroke,-27.345,153.562,2010-03-23T09:15:00Z,2010,3,23,9:15:00,25.735,0.2482,0.341,4745.0962,3388.436,0.7647,0.959,49,194.2413,49.9101,13.5926,35.25,0.79,1.67,0.03,0.17,2008.84,2306.6499,-999,49769960,273149,0.958,1313558.75,27,37.627,11.4165,17,50.5477,17.8411,2,8.2252,11.8664,POINT (153.562 -27.345)
nrs_ind_map.fid--76d38584_1714ce21237_7650,1219,PHB20100316,Port Hacking,-34.1192,151.2267,2010-03-17T09:05:00Z,2010,3,17,9:05:00,23.46,0.4113,0.3794,17.7389,12.2575,0.6811,0.941,43,245.2528,65.206,9.9957,35.43,2.01,5.21,0.02,0.41,2077.01,2319,-999,71480320,129251,0.963,1649070,36,87.6067,24.4471,21,80.8418,26.5532,7,33.6336,17.2842,POINT (151.22667 -34.11923)
nrs_ind_map.fid--76d38584_1714ce21237_7651,1222,PHB20100218,Port Hacking,-34.1192,151.2267,2010-02-19T09:05:00Z,2010,2,19,9:05:00,23.29,0.5684,0.1914,2384.6553,973.6648,0.7842,0.94,53,313.164,78.8768,8.5671,35.43,1.19,2.21,0.26,0.25,2061.54,2319.95,-999,-999,-999,-999,-999,-999,-999,-999,-999,-999,-999,-999,-999,-999,POINT (151.22667 -34.11923)
nrs_ind_map.fid--76d38584_1714ce21237_7652,1223,NSI20100214,North Stradbroke,-27.345,153.562,2010-02-15T09:30:00Z,2010,2,15,9:30:00,27.25,0.2731,0.2276,1989.9817,1430.6006,0.7047,0.967,41,257.5356,69.3498,12.4436,35.47,1.39,3.36,0.03,0.27,2043.66,2318.03,-999,31526278,109358,0.925,3253709,37,75.9906,21.0447,25,96.2218,29.893,5,25.9293,16.1108,POINT (153.562 -27.345)
nrs_ind_map.fid--76d38584_1714ce21237_7653,1224,NSI20100121,North Stradbroke,-27.345,153.562,2010-01-22T09:50:00Z,2010,1,22,9:50:00,26.76,0.2561,0.2083,2263.2434,1906.3969,0.7152,0.968,38,207.6118,57.0741,10.8962,35.47,2.3,1.5,0.16,0.23,2033.4301,2315.8401,-999,9237870,205381,0.473,1571026.75,27,33.9849,10.3115,16,49.1775,17.737,5,18.5016,11.4957,POINT (153.562 -27.345)
nrs_ind_map.fid--76d38584_1714ce21237_7654,1226,PHB20100119,Port Hacking,-34.1192,151.2267,2010-01-20T11:00:00Z,2010,1,20,11:00:00,23.03,0.4683,0.254,2899.7805,1135.1577,0.6194,0.988,31,138.2334,40.2545,20.7777,35.45,3.01,4.57,0.52,0.44,2083.21,2323.29,-999,242274512,636278,0.951,68618584,44,91.7421,24.2435,25,98.8381,30.7058,11,85.3904,35.6106,POINT (151.22667 -34.11923)
nrs_ind_map.fid--76d38584_1714ce21237_7655,1231,NSI20091215,North Stradbroke,-27.345,153.562,2009-12-16T09:00:00Z,2009,12,16,9:00:00,25.33,0.2905,0.7431,7143.3628,5863.8584,0.4271,0.998,27,94.8186,28.7692,8.2645,35.56,1.01,2.37,0.62,0.23,2051.5601,2329.5601,-999,80449704,652722,0.965,1444100.625,31,61.005,17.7651,22,60.7168,19.6428,3,1.6533,1.5049,POINT (153.562 -27.345)
nrs_ind_map.fid--76d38584_1714ce21237_7656,1235,PHB20091206,Port Hacking,-34.1192,151.2267,2009-12-07T09:14:00Z,2009,12,7,9:14:00,21.13,0.4333,0.3969,1782.3035,1142.2302,0.7571,0.981,32,148.2529,42.7767,21.3601,35.49,0.92,1.7,0.06,0.15,2067.4399,2325.6001,-999,32815996,65005,0.651,68550240,35,53.5638,15.0657,17,69.3514,24.478,10,35.9286,15.6036,POINT (151.22667 -34.11923)
nrs_ind_map.fid--76d38584_1714ce21237_7657,1238,NSI20091115,North Stradbroke,-27.345,153.562,2009-11-16T08:30:00Z,2009,11,16,8:30:00,24.015,0.2905,0.2342,2314.6804,1835.6702,0.8496,0.957,40,311.8904,84.5488,10.1358,35.47,0.67,1.18,0.32,0.16,2023.64,2321.5801,-999,36888236,165096,0.894,1483384.625,32,46.2665,13.3497,22,72.05,23.3093,3,11.7648,10.7088,POINT (153.562 -27.345)
nrs_ind_map.fid--76d38584_1714ce21237_7658,1240,PHB20091110,Port Hacking,-34.1192,151.2267,2009-11-11T09:45:00Z,2009,11,11,9:45:00,20.47,0.6616,0.4978,3118.4431,605.889,0.7731,0.994,33,215.8398,61.7301,12.3189,35.42,1.95,4.58,0.22,0.39,2083.47,2321.96,-999,80663496,600364,0.959,66315268,21,39.1746,12.8673,11,28.6672,11.9551,3,2.8205,2.5674,POINT (151.22667 -34.11923)
nrs_ind_map.fid--76d38584_1714ce21237_7659,1241,NSI20091101,North Stradbroke,-27.345,153.562,2009-11-02T09:02:00Z,2009,11,2,9:02:00,24.215,0.2623,0.2416,2163.5828,1713.5061,0.7082,0.929,45,284.025,74.6126,4.8953,-999,0.79,1.37,0.38,0.17,2019.8101,2312.95,-999,35786340,423949,0.805,750171.6875,24,31.8214,10.0129,15,55.2723,20.4104,3,3.0494,2.7756,POINT (153.562 -27.345)
nrs_ind_map.fid--76d38584_1714ce21237_765a,1243,NSI20091021,North Stradbroke,-27.345,153.562,2009-10-22T09:20:00Z,2009,10,22,9:20:00,23.29,0.2623,0.9034,1570.9818,1059.8232,0.7791,0.953,38,321.2165,88.3048,6.1545,35.42,0.84,2.24,0.12,0.22,2034.91,2316.8401,-999,39586368,513485,0.878,1039268.688,25,30.4014,9.4447,16,58.8076,21.2104,3,6.4188,5.8427,POINT (153.562 -27.345)
nrs_ind_map.fid--76d38584_1714ce21237_765b,1244,PHB20091018,Port Hacking,-34.1192,151.2267,2009-10-19T10:55:00Z,2009,10,19,10:55:00,18.82,0.6616,0.6731,5297.4043,1594.8794,0.6254,0.998,26,82.5195,25.3275,6.3974,35.49,1.21,3.36,0.12,0.32,2073.29,2325.3999,-999,130393336,697033,0.906,66078520,25,37.5661,11.6706,13,34.7788,13.5593,6,14.7749,8.246,POINT (151.22667 -34.11923)
nrs_ind_map.fid--76d38584_1714ce21237_765c,1245,PHB20091018,Port Hacking,-34.1192,151.2267,2009-10-19T09:30:00Z,2009,10,19,9:30:00,18.82,0.6616,0.6731,14401.6553,6651.814,0.6038,0.997,23,131.4947,41.9375,6.3974,35.49,1.21,3.36,0.12,0.32,2073.29,2325.3999,-999,130393336,697033,0.906,66078520,25,37.5661,11.6706,13,34.7788,13.5593,6,14.7749,8.246,POINT (151.22667 -34.11923)
nrs_ind_map.fid--76d38584_1714ce21237_765d,1246,NSI20091015,North Stradbroke,-27.345,153.562,2009-10-15T11:10:00Z,2009,10,15,11:10:00,23.29,0.3278,0.6315,2555.7927,1549.5497,0.7698,0.966,43,281.4745,74.8364,9.4263,-999,0.39,0.77,0.49,0.15,2013.33,2317.95,-999,104817664,466805,0.978,1979238.75,29,61.5661,18.2835,20,63.1038,21.0646,2,7.3472,10.5998,POINT (153.562 -27.345)
nrs_ind_map.fid--76d38584_1714ce21237_765e,1248,PHB20091011,Port Hacking,-34.1192,151.2267,2009-10-12T09:30:00Z,2009,10,12,9:30:00,18.8,1.0352,0.6731,70528.3281,9516.2314,0.6572,0.992,34,213.7985,60.6287,30.5105,35.49,1.15,1.91,0.88,0.27,2060.6599,2326.8899,-999,546841856,722299,0.794,65926196,22,27.2587,8.8186,12,26.4729,10.6535,4,12.5649,9.0637,POINT (151.22667 -34.11923)
nrs_ind_map.fid--76d38584_1714ce21237_765f,1249,PHB20091011,Port Hacking,-34.1192,151.2267,2009-10-12T09:28:00Z,2009,10,12,9:28:00,18.8,1.0352,0.6731,14654.501,2691.1377,0.7899,0.998,41,194.4176,52.3533,30.5105,35.49,1.15,1.91,0.88,0.27,2060.6599,2326.8899,-999,546841856,722299,0.794,65926196,22,27.2587,8.8186,12,26.4729,10.6535,4,12.5649,9.0637,POINT (151.22667 -34.11923)
nrs_ind_map.fid--76d38584_1714ce21237_7660,1250,NSI20091006,North Stradbroke,-27.345,153.562,2009-10-07T09:07:00Z,2009,10,7,9:07:00,22.58,0.3278,0.4078,3574.896,1350.2301,0.8004,0.939,33,236.8852,67.7491,12.4583,-999,0.33,0.31,0.3,0.11,2013.29,2316.73,-999,134464704,547225,0.903,1179716.125,29,53.3176,15.834,20,62.6758,20.9217,3,3.3831,3.0794,POINT (153.562 -27.345)
nrs_ind_map.fid--76d38584_1714ce21237_7661,1251,PHB20090924,Port Hacking,-34.1192,151.2267,2009-09-25T09:45:00Z,2009,9,25,9:45:00,16.96,1.0352,19.1042,2384.3628,658.6395,0.6135,1,27,137.2794,41.6524,10.4773,35.46,1.13,4.21,0.16,0.31,2087.8601,2326.8799,-999,148220416,789828,0.948,66929480,28,60.183,18.061,18,44.9322,15.5455,4,9.2412,6.6661,POINT (151.22667 -34.11923)
nrs_ind_map.fid--76d38584_1714ce21237_7662,1252,PHB20090924,Port Hacking,-34.1192,151.2267,2009-09-25T09:30:00Z,2009,9,25,9:30:00,16.96,1.0352,19.1042,30689.5195,5450.8184,0.4997,0.998,12,81.8616,32.9435,10.4773,35.46,1.13,4.21,0.16,0.31,2087.8601,2326.8799,-999,148220416,789828,0.948,66929480,28,60.183,18.061,18,44.9322,15.5455,4,9.2412,6.6661,POINT (151.22667 -34.11923)
nrs_ind_map.fid--76d38584_1714ce21237_7663,1253,PHB20090920,Port Hacking,-34.1192,151.2267,2009-09-21T09:17:00Z,2009,9,21,9:17:00,17.42,1.0352,0.9174,924.1581,738.5012,0.6449,0.984,29,203.9142,60.5573,5.1208,35.42,2.07,6.79,0.32,0.41,2104.73,2326.6499,-999,68978416,522468,0.976,66022292,29,58.8214,17.4684,19,67.3565,22.8758,4,22.503,16.2325,POINT (151.22667 -34.11923)
nrs_ind_map.fid--76d38584_1714ce21237_7664,1254,PHB20090920,Port Hacking,-34.1192,151.2267,2009-09-21T09:10:00Z,2009,9,21,9:10:00,17.42,1.0352,0.9174,9070.6553,4296.626,0.5015,0.996,21,170.3507,55.9532,5.1208,35.42,2.07,6.79,0.32,0.41,2104.73,2326.6499,-999,68978416,522468,0.976,66022292,29,58.8214,17.4684,19,67.3565,22.8758,4,22.503,16.2325,POINT (151.22667 -34.11923)
nrs_ind_map.fid--76d38584_1714ce21237_7665,1256,NSI20090916,North Stradbroke,-27.345,153.562,2009-09-17T08:30:00Z,2009,9,17,8:30:00,22.58,0.3278,0.2751,40.7205,27.2311,0.7322,0.987,36,252.9297,70.5814,4.8953,35.43,1.07,2.11,0.28,0.24,2042.58,2314.1299,-999,22598582,238382,0.663,986763,26,45.8311,14.0668,15,49.336,18.2183,3,2.5173,2.2914,POINT (153.562 -27.345)
nrs_ind_map.fid--76d38584_1714ce21237_7666,1260,PHB20090819,Port Hacking,-34.1192,151.2267,2009-08-20T09:19:00Z,2009,8,20,9:19:00,17.09,1.2361,0.535,10377.3262,1706.2742,0.6493,0.991,38,204.7503,56.2874,3.0352,35.53,1.44,2.88,0.1,0.25,2071.1799,2328.4299,-999,284169856,401397,0.64,66866796,32,52.001,15.0043,20,42.553,14.2045,6,7.2121,4.0252,POINT (151.22667 -34.11923)
nrs_ind_map.fid--76d38584_1714ce21237_7667,1261,NSI20090819,North Stradbroke,-27.345,153.562,2009-08-20T08:45:00Z,2009,8,20,8:45:00,20.225,0.4833,0.3831,2578.2964,1205.5623,0.7276,0.968,38,269.4142,74.064,17.1312,-999,-999,-999,-999,-999,-999,-999,-999,-999,-999,-999,-999,-999,-999,-999,-999,-999,-999,-999,-999,-999,POINT (153.562 -27.345)
nrs_ind_map.fid--76d38584_1714ce21237_7668,1262,NSI20090720,North Stradbroke,-27.345,153.562,2009-07-20T11:07:00Z,2009,7,20,11:07:00,20.975,0.384,0.5174,2552.5784,1761.729,0.6838,0.977,35,229.8971,64.6623,14.9343,-999,-999,-999,-999,-999,-999,-999,-999,-999,-999,-999,-999,-999,-999,-999,-999,-999,-999,-999,-999,-999,POINT (153.562 -27.345)
nrs_ind_map.fid--76d38584_1714ce21237_7669,1264,PHB20090714,Port Hacking,-34.1192,151.2267,2009-07-15T09:15:00Z,2009,7,15,9:15:00,18.03,0.6314,0.3651,495.085,430.4205,0.6881,0.986,30,216.8754,63.7644,0.8732,35.48,1.79,3.87,0.24,0.33,2064.4299,2325.8799,-999,42087532,312599,0.923,6597062.5,42,79.2882,21.2133,30,101.9211,29.9662,6,21.3131,11.8951,POINT (151.22667 -34.11923)
nrs_ind_map.fid--76d38584_1714ce21237_766a,1265,PHB20090623,Port Hacking,-34.1192,151.2267,2009-06-24T10:00:00Z,2009,6,24,10:00:00,19.32,0.6314,1.4382,714.337,596.1228,0.7022,0.956,40,264.6652,71.7468,1.0733,35.46,1.98,4.74,0.22,0.4,2069.05,2322.3501,-999,10350618,340128,0.345,1076296.125,35,53.2901,14.9887,21,68.0125,22.3393,8,4.95,2.3804,POINT (151.22667 -34.11923)
nrs_ind_map.fid--76d38584_1714ce21237_766b,1267,NSI20090618,North Stradbroke,-27.345,153.562,2009-06-18T13:30:00Z,2009,6,18,13:30:00,21.16,0.4009,0.7974,3439.8723,1980.3376,0.7652,0.928,39,242.1978,66.1099,7.6004,-999,-999,-999,-999,-999,-999,-999,-999,-999,-999,-999,-999,-999,-999,-999,-999,-999,-999,-999,-999,-999,POINT (153.562 -27.345)
nrs_ind_map.fid--76d38584_1714ce21237_766c,1269,NSI20090527,North Stradbroke,-27.345,153.562,2009-05-27T12:03:00Z,2009,5,27,12:03:00,22.61,0.4619,0.7293,2312.5374,1602.0592,0.7372,0.962,38,271.2097,74.5576,3.5454,-999,-999,-999,-999,-999,-999,-999,-999,-999,-999,-999,-999,-999,-999,-999,-999,-999,-999,-999,-999,-999,POINT (153.562 -27.345)
nrs_ind_map.fid--76d38584_1714ce21237_766d,1270,PHB20090518,Port Hacking,-34.1192,151.2267,2009-05-19T10:00:00Z,2009,5,19,10:00:00,21.16,0.6003,0.4044,794.1566,715.3472,0.7969,0.948,42,194.0544,51.9186,14.3681,35.35,1.4,2.54,0.12,0.26,2037.96,2318.8201,-999,78565608,283648,0.813,69638096,36,61.4298,17.1423,25,88.1585,27.388,5,6.7441,4.1904,POINT (151.22667 -34.11923)
nrs_ind_map.fid--76d38584_1714ce21237_766e,1273,PHB20090422,Port Hacking,-34.1192,151.2267,2009-04-23T10:00:00Z,2009,4,23,10:00:00,21.49,0.5944,0.3289,693.1184,578.5417,0.7855,0.935,35,165.606,46.5794,12.6649,35.49,0.97,0.88,0.35,0.16,2047.02,2323.45,-999,10412154,305974,0.74,244501.4062,19,28.9981,9.8484,8,10.9473,5.2646,4,2.673,1.9281,POINT (151.22667 -34.11923)
nrs_ind_map.fid--76d38584_1714ce21237_766f,1275,NSI20090416,North Stradbroke,-27.345,153.562,2009-04-16T10:30:00Z,2009,4,16,10:30:00,25.21,0.3703,1.1192,940.3386,742.6265,0.7345,0.892,34,224.2422,63.5902,3.2501,-999,-999,-999,-999,-999,-999,-999,-999,-999,-999,-999,-999,-999,-999,-999,-999,-999,-999,-999,-999,-999,POINT (153.562 -27.345)
nrs_ind_map.fid--76d38584_1714ce21237_7670,1276,PHB20090318,Port Hacking,-34.1192,151.2267,2009-03-19T10:00:00Z,2009,3,19,10:00:00,22.9,0.4113,0.4304,1939.6707,1154.6083,0.7722,0.969,41,226.8458,61.0856,5.7467,35.47,1.24,3.94,0.05,0.31,2066.1499,2324.26,-999,69764360,442390,0.976,1087775.875,29,60.598,17.996,18,51.2144,17.719,4,15.6637,11.299,POINT (151.22667 -34.11923)
nrs_ind_map.fid--76d38584_1714ce21237_7671,1277,NSI20090318,North Stradbroke,-27.345,153.562,2009-03-18T10:30:00Z,2009,3,18,10:30:00,25.87,0.2482,0.4039,1138.0507,877.6494,0.816,0.94,34,223.4458,63.3644,3.5121,-999,-999,-999,-999,-999,-999,-999,-999,-999,-999,-999,-999,-999,-999,-999,-999,-999,-999,-999,-999,-999,POINT (153.562 -27.345)
nrs_ind_map.fid--76d38584_1714ce21237_7672,1278,PHB20090223,Port Hacking,-34.1192,151.2267,2009-02-24T10:00:00Z,2009,2,24,10:00:00,23.3,0.5684,5.2472,1199.9905,805.1015,0.7112,0.978,38,241.9992,66.5274,45.9568,35.35,2.59,5.61,0.71,0.55,2085.55,2319.78,-999,17624478,234611,0.871,539171.5,28,47.1348,14.1452,17,49.8424,17.5922,4,11.6753,8.4219,POINT (151.22667 -34.11923)
nrs_ind_map.fid--76d38584_1714ce21237_7673,1279,NSI20090218,North Stradbroke,-27.345,153.562,2009-02-18T10:30:00Z,2009,2,18,10:30:00,27.475,0.2848,0.3006,3507.384,2446.4885,0.8282,0.942,38,280.4046,77.0854,5.2312,-999,-999,-999,-999,-999,-999,-999,-999,-999,-999,-999,-999,-999,-999,-999,-999,-999,-999,-999,-999,-999,POINT (153.562 -27.345)
nrs_ind_map.fid--76d38584_1714ce21237_7674,1280,NSI20090114,North Stradbroke,-27.345,153.562,2009-01-14T10:30:00Z,2009,1,14,10:30:00,27.475,0.2197,0.1637,2507.5703,1736.0104,0.8003,0.901,35,276.8848,77.8784,6.0834,-999,-999,-999,-999,-999,-999,-999,-999,-999,-999,-999,-999,-999,-999,-999,-999,-999,-999,-999,-999,-999,POINT (153.562 -27.345)
nrs_ind_map.fid--76d38584_1714ce21237_7675,1281,NSI20081217,North Stradbroke,-27.345,153.562,2008-12-17T11:00:00Z,2008,12,17,11:00:00,27.475,0.2029,0.2847,3166.6116,2600.8008,0.8034,0.931,36,296.1751,82.6492,10.6567,-999,-999,-999,-999,-999,-999,-999,-999,-999,-999,-999,-999,-999,-999,-999,-999,-999,-999,-999,-999,-999,POINT (153.562 -27.345)
nrs_ind_map.fid--76d38584_1714ce21237_7676,1282,NSI20081119,North Stradbroke,-27.345,153.562,2008-11-19T10:30:00Z,2008,11,19,10:30:00,27.475,0.2905,0.1343,1133.7642,756.5572,0.9379,0.885,42,428.1104,114.5394,2.3245,-999,-999,-999,-999,-999,-999,-999,-999,-999,-999,-999,-999,-999,-999,-999,-999,-999,-999,-999,-999,-999,POINT (153.562 -27.345)
nrs_ind_map.fid--76d38584_1714ce21237_7677,1283,NSI20081030,North Stradbroke,-27.345,153.562,2008-10-30T10:30:00Z,2008,10,30,10:30:00,27.475,0.2623,0.1503,3517.0291,2694.0312,0.7671,0.974,32,126.416,36.4759,3.9678,-999,-999,-999,-999,-999,-999,-999,-999,-999,-999,-999,-999,-999,-999,-999,-999,-999,-999,-999,-999,-999,POINT (153.562 -27.345)
nrs_ind_map.fid--76d38584_1714ce21237_7678,1284,NSI20080929,North Stradbroke,-27.345,153.562,2008-09-29T10:30:00Z,2008,9,29,10:30:00,27.475,0.3278,0.4033,1504.5417,768.3449,1.0791,0.908,48,272.9037,70.4959,4.1803,-999,-999,-999,-999,-999,-999,-999,-999,-999,-999,-999,-999,-999,-999,-999,-999,-999,-999,-999,-999,-999,POINT (153.562 -27.345)
